--
-- PostgreSQL database dump
--

\restrict bbmUiZFTtwpofakaesUJhVqqB9WAMkydvcPqJFiiYCumyi6mDTbZrRqkSbi47gJ

-- Dumped from database version 18.2 (Postgres.app)
-- Dumped by pg_dump version 18.2 (Postgres.app)

SET statement_timeout = 0;
SET lock_timeout = 0;
SET idle_in_transaction_session_timeout = 0;
SET transaction_timeout = 0;
SET client_encoding = 'UTF8';
SET standard_conforming_strings = on;
SELECT pg_catalog.set_config('search_path', '', false);
SET check_function_bodies = false;
SET xmloption = content;
SET client_min_messages = warning;
SET row_security = off;

SET default_tablespace = '';

SET default_table_access_method = heap;

--
-- Name: customer; Type: TABLE; Schema: public; Owner: postgres
--

CREATE TABLE public.customer (
    customerid character varying(10) NOT NULL,
    gender character varying(10),
    age integer,
    CONSTRAINT customer_age_check CHECK ((age >= 0))
);


ALTER TABLE public.customer OWNER TO postgres;

--
-- Name: product; Type: TABLE; Schema: public; Owner: postgres
--

CREATE TABLE public.product (
    category character varying(50) NOT NULL,
    priceperunit numeric(10,2) NOT NULL
);


ALTER TABLE public.product OWNER TO postgres;

--
-- Name: transaction; Type: TABLE; Schema: public; Owner: postgres
--

CREATE TABLE public.transaction (
    transactionid integer NOT NULL,
    customerid character varying(10) NOT NULL,
    transdate date NOT NULL
);


ALTER TABLE public.transaction OWNER TO postgres;

--
-- Name: transactiondetails; Type: TABLE; Schema: public; Owner: postgres
--

CREATE TABLE public.transactiondetails (
    transactionid integer NOT NULL,
    category character varying(50) NOT NULL,
    priceperunit numeric(10,2) NOT NULL,
    quantity integer NOT NULL,
    totalamt numeric(10,2) NOT NULL,
    CONSTRAINT transactiondetails_quantity_check CHECK ((quantity > 0)),
    CONSTRAINT transactiondetails_totalamt_check CHECK ((totalamt > (0)::numeric))
);


ALTER TABLE public.transactiondetails OWNER TO postgres;

--
-- Data for Name: customer; Type: TABLE DATA; Schema: public; Owner: postgres
--

COPY public.customer (customerid, gender, age) FROM stdin;
CUST329	Female	46
CUST542	Female	20
CUST532	Female	64
CUST680	Female	53
CUST774	Female	40
CUST581	Female	48
CUST879	Male	23
CUST763	Male	34
CUST240	Female	23
CUST475	Male	26
CUST163	Female	64
CUST015	Female	42
CUST262	Female	32
CUST952	Female	57
CUST138	Male	49
CUST692	Female	64
CUST985	Female	19
CUST162	Male	39
CUST179	Male	31
CUST587	Female	40
CUST238	Female	39
CUST244	Male	28
CUST025	Female	64
CUST760	Male	27
CUST053	Male	34
CUST899	Male	26
CUST571	Female	41
CUST378	Male	50
CUST953	Male	45
CUST457	Female	58
CUST310	Female	28
CUST529	Female	35
CUST426	Male	23
CUST522	Male	46
CUST484	Female	19
CUST855	Male	54
CUST368	Female	56
CUST616	Male	41
CUST737	Female	33
CUST059	Male	62
CUST747	Male	23
CUST718	Female	59
CUST347	Male	42
CUST601	Male	19
CUST791	Female	51
CUST102	Female	47
CUST214	Male	20
CUST519	Female	36
CUST345	Male	62
CUST683	Male	38
CUST006	Female	45
CUST543	Male	49
CUST472	Female	38
CUST190	Female	60
CUST453	Female	26
CUST051	Male	27
CUST583	Female	24
CUST874	Male	60
CUST434	Female	43
CUST201	Male	56
CUST149	Male	22
CUST290	Female	30
CUST121	Female	28
CUST783	Female	56
CUST334	Male	31
CUST851	Male	32
CUST699	Female	37
CUST103	Female	59
CUST547	Male	63
CUST886	Male	37
CUST401	Female	62
CUST022	Male	18
CUST270	Male	43
CUST603	Female	40
CUST257	Male	19
CUST220	Male	64
CUST352	Male	57
CUST559	Female	40
CUST611	Male	51
CUST437	Female	35
CUST487	Male	44
CUST968	Female	48
CUST420	Female	22
CUST093	Female	35
CUST991	Female	34
CUST115	Male	51
CUST664	Female	44
CUST534	Male	45
CUST279	Male	50
CUST148	Male	18
CUST409	Female	21
CUST114	Female	22
CUST837	Male	18
CUST639	Female	62
CUST539	Male	25
CUST479	Male	52
CUST786	Male	48
CUST430	Female	43
CUST417	Male	43
CUST677	Female	19
CUST446	Male	21
CUST035	Female	58
CUST254	Male	41
CUST672	Female	34
CUST924	Male	55
CUST277	Male	36
CUST989	Female	44
CUST618	Female	27
CUST744	Male	40
CUST596	Female	64
CUST738	Male	41
CUST925	Male	25
CUST623	Male	34
CUST769	Female	31
CUST929	Female	23
CUST451	Female	45
CUST274	Female	23
CUST056	Female	26
CUST648	Male	53
CUST439	Male	50
CUST155	Male	31
CUST973	Male	60
CUST947	Male	50
CUST265	Male	55
CUST222	Male	51
CUST411	Male	62
CUST814	Female	59
CUST372	Female	24
CUST225	Female	57
CUST914	Female	59
CUST797	Male	40
CUST501	Male	39
CUST219	Female	53
CUST200	Male	27
CUST635	Female	63
CUST127	Female	33
CUST569	Male	52
CUST582	Male	35
CUST478	Female	58
CUST014	Male	64
CUST630	Male	42
CUST668	Female	62
CUST551	Male	45
CUST091	Female	55
CUST950	Male	36
CUST834	Female	56
CUST748	Male	25
CUST231	Female	23
CUST893	Male	49
CUST940	Female	20
CUST050	Female	27
CUST386	Female	54
CUST867	Male	21
CUST681	Female	43
CUST298	Male	27
CUST803	Male	39
CUST462	Male	63
CUST340	Female	36
CUST161	Male	64
CUST189	Male	63
CUST850	Female	26
CUST561	Female	64
CUST495	Male	24
CUST739	Male	36
CUST592	Female	46
CUST199	Male	45
CUST399	Female	64
CUST978	Female	53
CUST576	Female	33
CUST962	Male	44
CUST137	Male	46
CUST980	Female	31
CUST870	Female	46
CUST754	Female	43
CUST654	Male	42
CUST869	Male	37
CUST546	Female	36
CUST632	Female	26
CUST365	Male	31
CUST292	Male	20
CUST997	Male	52
CUST900	Male	21
CUST510	Female	39
CUST762	Female	24
CUST250	Male	48
CUST920	Female	28
CUST467	Female	53
CUST970	Male	59
CUST704	Female	62
CUST133	Male	20
CUST830	Female	64
CUST722	Male	20
CUST504	Female	38
CUST516	Male	30
CUST714	Female	18
CUST614	Female	39
CUST174	Female	39
CUST626	Female	26
CUST227	Male	36
CUST847	Female	18
CUST536	Female	55
CUST101	Male	32
CUST562	Male	54
CUST367	Female	57
CUST397	Female	30
CUST857	Male	60
CUST736	Male	29
CUST598	Male	37
CUST289	Male	53
CUST443	Male	29
CUST872	Female	63
CUST269	Male	25
CUST037	Female	18
CUST779	Female	56
CUST961	Male	53
CUST071	Female	51
CUST554	Female	46
CUST193	Male	35
CUST083	Male	54
CUST004	Male	37
CUST382	Female	53
CUST303	Male	19
CUST813	Male	52
CUST385	Male	50
CUST314	Male	52
CUST404	Male	46
CUST356	Male	50
CUST923	Male	32
CUST458	Female	39
CUST706	Male	51
CUST926	Male	22
CUST321	Female	26
CUST573	Male	49
CUST328	Male	39
CUST921	Male	51
CUST807	Female	50
CUST216	Male	62
CUST917	Female	57
CUST862	Male	28
CUST795	Male	57
CUST981	Female	30
CUST805	Female	30
CUST868	Female	25
CUST987	Female	30
CUST831	Male	27
CUST442	Female	60
CUST351	Female	56
CUST691	Female	51
CUST390	Male	39
CUST112	Male	37
CUST860	Male	63
CUST311	Female	32
CUST808	Male	33
CUST781	Male	35
CUST384	Male	55
CUST337	Male	38
CUST295	Female	27
CUST865	Female	42
CUST976	Female	48
CUST749	Male	42
CUST423	Female	27
CUST272	Female	61
CUST741	Male	48
CUST776	Male	35
CUST599	Female	28
CUST604	Female	29
CUST629	Male	62
CUST170	Female	25
CUST468	Male	40
CUST828	Female	33
CUST861	Female	41
CUST435	Female	30
CUST415	Male	53
CUST122	Male	64
CUST892	Male	20
CUST496	Male	23
CUST928	Female	35
CUST553	Male	24
CUST198	Female	54
CUST058	Male	18
CUST982	Female	46
CUST447	Male	22
CUST017	Female	27
CUST967	Male	62
CUST061	Male	21
CUST392	Male	27
CUST031	Male	44
CUST046	Female	20
CUST780	Male	52
CUST318	Male	61
CUST068	Male	25
CUST213	Male	27
CUST595	Female	18
CUST316	Female	48
CUST450	Female	59
CUST930	Male	54
CUST429	Male	64
CUST366	Male	57
CUST361	Female	34
CUST332	Male	58
CUST023	Female	35
CUST556	Female	18
CUST209	Female	30
CUST503	Male	45
CUST033	Female	50
CUST979	Female	19
CUST638	Male	46
CUST606	Male	22
CUST247	Male	41
CUST306	Male	54
CUST491	Female	60
CUST448	Female	54
CUST717	Male	57
CUST765	Male	43
CUST800	Male	32
CUST557	Female	20
CUST291	Male	60
CUST391	Male	19
CUST895	Female	55
CUST175	Female	31
CUST498	Female	50
CUST488	Female	51
CUST490	Male	34
CUST864	Female	51
CUST008	Male	30
CUST421	Female	37
CUST591	Male	53
CUST896	Female	30
CUST374	Female	59
CUST260	Male	28
CUST427	Male	25
CUST139	Male	36
CUST026	Female	28
CUST235	Female	23
CUST413	Female	44
CUST020	Male	22
CUST533	Male	19
CUST273	Female	22
CUST086	Male	19
CUST218	Male	64
CUST494	Female	42
CUST965	Male	22
CUST810	Male	59
CUST766	Male	38
CUST313	Female	55
CUST100	Male	41
CUST030	Female	39
CUST327	Male	57
CUST548	Female	51
CUST511	Male	45
CUST428	Female	40
CUST293	Male	50
CUST493	Male	41
CUST388	Male	50
CUST134	Male	49
CUST988	Female	63
CUST959	Female	42
CUST336	Female	52
CUST481	Female	43
CUST767	Male	39
CUST558	Female	41
CUST135	Male	20
CUST768	Female	24
CUST323	Female	29
CUST662	Male	48
CUST904	Male	28
CUST863	Female	30
CUST230	Male	54
CUST700	Male	36
CUST584	Female	27
CUST362	Male	50
CUST145	Female	39
CUST541	Male	56
CUST047	Female	40
CUST205	Female	43
CUST915	Female	26
CUST410	Female	29
CUST806	Female	35
CUST432	Female	60
CUST317	Male	22
CUST911	Male	42
CUST165	Female	60
CUST153	Male	63
CUST636	Female	21
CUST859	Female	56
CUST621	Female	40
CUST625	Male	31
CUST090	Female	51
CUST038	Male	38
CUST126	Female	28
CUST877	Female	58
CUST833	Male	42
CUST143	Female	45
CUST476	Female	27
CUST836	Female	22
CUST565	Female	45
CUST941	Female	57
CUST676	Male	63
CUST223	Female	64
CUST937	Female	62
CUST746	Female	33
CUST098	Female	55
CUST627	Male	57
CUST526	Male	33
CUST011	Male	23
CUST856	Male	54
CUST866	Male	24
CUST572	Male	31
CUST164	Female	47
CUST445	Female	53
CUST288	Male	28
CUST823	Female	56
CUST177	Male	45
CUST251	Female	57
CUST969	Female	40
CUST077	Female	47
CUST585	Female	24
CUST710	Female	26
CUST656	Male	29
CUST326	Female	18
CUST019	Female	62
CUST188	Male	40
CUST933	Male	22
CUST785	Female	31
CUST661	Female	44
CUST550	Male	40
CUST194	Male	55
CUST716	Female	60
CUST878	Female	20
CUST882	Female	64
CUST438	Female	42
CUST125	Male	48
CUST232	Female	43
CUST974	Male	47
CUST764	Female	40
CUST338	Male	54
CUST566	Female	64
CUST085	Male	31
CUST119	Female	60
CUST237	Female	50
CUST084	Female	38
CUST849	Male	32
CUST297	Female	40
CUST224	Female	25
CUST176	Female	43
CUST658	Male	59
CUST405	Female	25
CUST414	Male	48
CUST524	Male	46
CUST178	Male	40
CUST255	Male	48
CUST485	Male	24
CUST241	Female	23
CUST302	Male	57
CUST002	Female	26
CUST512	Female	57
CUST594	Female	19
CUST593	Male	35
CUST707	Female	26
CUST609	Female	47
CUST975	Female	56
CUST154	Male	51
CUST076	Female	22
CUST268	Female	28
CUST839	Female	20
CUST996	Male	62
CUST158	Female	44
CUST523	Female	62
CUST742	Female	38
CUST360	Male	42
CUST663	Male	23
CUST916	Female	32
CUST210	Male	37
CUST678	Female	60
CUST444	Female	61
CUST653	Male	54
CUST994	Female	51
CUST570	Male	49
CUST545	Male	27
CUST169	Male	18
CUST777	Male	48
CUST615	Female	61
CUST016	Male	19
CUST246	Female	48
CUST579	Female	38
CUST261	Male	21
CUST956	Male	30
CUST637	Male	43
CUST751	Female	42
CUST842	Female	47
CUST473	Male	64
CUST919	Female	22
CUST673	Female	43
CUST469	Male	18
CUST271	Female	62
CUST643	Female	28
CUST146	Male	38
CUST307	Female	26
CUST454	Female	46
CUST960	Male	59
CUST281	Female	29
CUST876	Male	43
CUST032	Male	30
CUST065	Male	51
CUST966	Male	60
CUST695	Female	22
CUST555	Male	25
CUST342	Female	43
CUST276	Female	21
CUST734	Female	27
CUST853	Male	21
CUST515	Female	49
CUST753	Female	32
CUST124	Male	33
CUST649	Female	58
CUST698	Female	64
CUST513	Male	24
CUST483	Male	55
CUST852	Female	41
CUST064	Male	49
CUST913	Male	29
CUST171	Female	52
CUST907	Female	45
CUST563	Male	20
CUST890	Male	34
CUST693	Male	41
CUST497	Male	41
CUST424	Male	57
CUST804	Male	42
CUST827	Male	61
CUST187	Female	64
CUST686	Female	28
CUST054	Female	38
CUST846	Male	42
CUST984	Male	56
CUST449	Male	25
CUST631	Male	56
CUST049	Female	54
CUST633	Male	39
CUST097	Female	51
CUST600	Female	59
CUST811	Male	61
CUST286	Male	55
CUST036	Male	52
CUST118	Female	30
CUST778	Female	47
CUST687	Female	53
CUST393	Female	22
CUST182	Male	62
CUST355	Female	55
CUST489	Male	44
CUST141	Female	22
CUST168	Male	53
CUST142	Male	35
CUST540	Female	46
CUST537	Female	21
CUST528	Female	36
CUST172	Male	32
CUST183	Female	43
CUST075	Male	61
CUST955	Male	58
CUST675	Female	45
CUST284	Male	43
CUST671	Male	62
CUST012	Male	35
CUST249	Male	20
CUST459	Male	28
CUST790	Male	62
CUST689	Male	57
CUST300	Female	19
CUST873	Female	27
CUST898	Female	42
CUST433	Male	29
CUST315	Male	47
CUST308	Female	34
CUST034	Female	51
CUST787	Male	41
CUST538	Male	18
CUST641	Female	40
CUST099	Female	50
CUST612	Female	61
CUST207	Female	42
CUST821	Male	49
CUST936	Male	57
CUST840	Male	62
CUST517	Female	47
CUST333	Female	54
CUST358	Female	32
CUST041	Male	34
CUST341	Male	31
CUST782	Male	59
CUST758	Male	64
CUST055	Male	31
CUST186	Male	20
CUST370	Male	23
CUST322	Male	51
CUST082	Female	32
CUST208	Female	34
CUST003	Male	50
CUST721	Female	52
CUST044	Female	22
CUST701	Female	52
CUST132	Male	42
CUST105	Female	22
CUST400	Male	53
CUST412	Female	19
CUST060	Male	30
CUST028	Female	43
CUST666	Male	51
CUST580	Female	31
CUST784	Female	34
CUST715	Female	42
CUST296	Female	22
CUST304	Female	37
CUST574	Female	63
CUST081	Male	40
CUST229	Male	58
CUST130	Female	57
CUST471	Male	32
CUST470	Female	57
CUST696	Female	50
CUST319	Male	31
CUST732	Male	61
CUST589	Female	36
CUST258	Female	37
CUST720	Female	56
CUST039	Male	23
CUST389	Male	21
CUST848	Female	63
CUST644	Male	23
CUST062	Male	18
CUST160	Female	43
CUST425	Female	55
CUST339	Female	22
CUST590	Male	36
CUST263	Male	23
CUST092	Female	51
CUST897	Female	64
CUST150	Female	58
CUST752	Male	29
CUST239	Male	38
CUST320	Female	28
CUST095	Female	32
CUST939	Female	46
CUST256	Male	23
CUST792	Female	20
CUST243	Female	47
CUST702	Female	60
CUST728	Male	51
CUST578	Female	54
CUST001	Male	34
CUST461	Female	18
CUST456	Male	57
CUST383	Female	46
CUST185	Male	24
CUST419	Female	44
CUST226	Female	61
CUST463	Female	54
CUST324	Female	52
CUST294	Female	23
CUST196	Female	32
CUST927	Male	43
CUST287	Male	54
CUST173	Male	64
CUST796	Male	43
CUST642	Female	54
CUST070	Female	43
CUST069	Female	56
CUST622	Female	49
CUST005	Male	30
CUST474	Female	26
CUST110	Male	27
CUST727	Male	55
CUST349	Female	57
CUST204	Male	39
CUST167	Female	43
CUST283	Female	18
CUST431	Male	63
CUST072	Female	20
CUST724	Male	61
CUST387	Male	44
CUST131	Female	21
CUST375	Male	32
CUST007	Male	46
CUST773	Male	25
CUST266	Female	19
CUST215	Male	58
CUST147	Male	23
CUST889	Female	35
CUST416	Male	53
CUST655	Female	55
CUST486	Female	35
CUST180	Male	41
CUST884	Female	26
CUST507	Female	37
CUST455	Male	31
CUST089	Female	55
CUST885	Female	52
CUST166	Male	34
CUST951	Male	33
CUST723	Female	54
CUST369	Male	23
CUST759	Male	49
CUST719	Female	42
CUST140	Male	38
CUST379	Female	47
CUST708	Female	43
CUST772	Male	26
CUST108	Female	27
CUST605	Male	37
CUST111	Female	34
CUST775	Female	46
CUST242	Male	21
CUST407	Female	46
CUST267	Female	32
CUST181	Male	19
CUST568	Female	51
CUST838	Male	47
CUST331	Male	28
CUST908	Male	46
CUST406	Female	22
CUST275	Male	43
CUST157	Male	62
CUST809	Female	62
CUST506	Male	34
CUST079	Male	34
CUST665	Male	57
CUST117	Male	19
CUST018	Female	47
CUST992	Female	57
CUST755	Female	58
CUST233	Female	51
CUST144	Female	59
CUST106	Female	46
CUST730	Female	36
CUST508	Male	58
CUST740	Female	25
CUST259	Female	45
CUST964	Male	24
CUST575	Male	60
CUST248	Male	26
CUST971	Female	27
CUST902	Female	54
CUST682	Male	46
CUST080	Female	64
CUST1000	Male	47
CUST087	Female	28
CUST120	Male	60
CUST743	Female	34
CUST679	Female	18
CUST588	Male	38
CUST881	Male	22
CUST312	Male	41
CUST820	Male	49
CUST703	Male	34
CUST067	Female	48
CUST021	Female	50
CUST726	Male	47
CUST946	Male	62
CUST280	Female	37
CUST535	Male	47
CUST646	Male	38
CUST905	Male	58
CUST619	Male	47
CUST816	Male	47
CUST713	Male	34
CUST829	Male	61
CUST253	Female	53
CUST799	Male	56
CUST608	Female	55
CUST826	Female	46
CUST711	Male	26
CUST128	Male	25
CUST993	Female	48
CUST602	Female	20
CUST793	Male	54
CUST048	Male	54
CUST586	Male	50
CUST640	Female	51
CUST560	Female	25
CUST325	Female	52
CUST364	Female	19
CUST544	Female	27
CUST156	Female	43
CUST891	Male	41
CUST942	Male	51
CUST788	Female	52
CUST729	Male	29
CUST217	Female	35
CUST990	Female	58
CUST986	Female	49
CUST735	Female	64
CUST309	Female	26
CUST499	Male	46
CUST482	Female	28
CUST191	Male	64
CUST835	Male	37
CUST880	Male	22
CUST480	Female	42
CUST634	Male	60
CUST394	Female	27
CUST613	Female	52
CUST552	Female	49
CUST460	Male	40
CUST620	Male	63
CUST999	Female	36
CUST057	Female	63
CUST871	Male	62
CUST377	Female	46
CUST943	Female	57
CUST909	Male	26
CUST129	Female	21
CUST285	Female	31
CUST674	Female	38
CUST957	Female	60
CUST549	Female	50
CUST422	Female	28
CUST152	Male	43
CUST074	Female	18
CUST502	Male	43
CUST906	Female	20
CUST527	Male	57
CUST107	Female	21
CUST815	Female	51
CUST236	Female	54
CUST357	Female	40
CUST794	Female	60
CUST398	Female	48
CUST832	Male	47
CUST113	Female	41
CUST883	Male	40
CUST757	Female	43
CUST669	Male	24
CUST418	Female	60
CUST282	Female	64
CUST709	Female	19
CUST452	Female	48
CUST650	Male	55
CUST854	Male	29
CUST505	Male	24
CUST958	Male	62
CUST395	Male	50
CUST935	Female	34
CUST206	Male	61
CUST802	Female	46
CUST116	Female	23
CUST733	Male	34
CUST998	Female	23
CUST197	Female	42
CUST195	Male	52
CUST894	Male	52
CUST299	Male	61
CUST801	Male	21
CUST151	Male	29
CUST521	Female	47
CUST402	Female	41
CUST234	Female	62
CUST492	Male	61
CUST932	Female	45
CUST577	Male	21
CUST697	Male	53
CUST645	Female	35
CUST024	Female	49
CUST040	Male	45
CUST995	Female	41
CUST354	Female	49
CUST464	Male	38
CUST073	Male	29
CUST252	Male	54
CUST202	Female	34
CUST945	Male	30
CUST659	Female	39
CUST843	Male	21
CUST903	Female	51
CUST211	Male	42
CUST373	Female	25
CUST901	Male	31
CUST530	Female	18
CUST408	Female	64
CUST518	Female	40
CUST888	Female	52
CUST750	Female	35
CUST396	Female	55
CUST203	Male	56
CUST934	Male	30
CUST466	Male	63
CUST822	Female	52
CUST066	Female	45
CUST009	Male	63
CUST245	Male	47
CUST301	Male	30
CUST348	Female	35
CUST159	Male	26
CUST096	Female	44
CUST817	Male	30
CUST983	Female	29
CUST756	Female	62
CUST694	Female	39
CUST027	Female	38
CUST617	Male	34
CUST063	Male	57
CUST228	Female	59
CUST798	Male	61
CUST567	Female	25
CUST825	Female	46
CUST667	Female	29
CUST761	Female	33
CUST436	Female	57
CUST922	Male	41
CUST771	Male	24
CUST278	Female	37
CUST607	Male	54
CUST610	Female	26
CUST824	Male	63
CUST350	Male	25
CUST346	Male	59
CUST789	Female	61
CUST651	Male	51
CUST403	Male	32
CUST954	Female	50
CUST725	Male	61
CUST812	Male	19
CUST305	Female	18
CUST264	Male	47
CUST875	Female	51
CUST770	Male	32
CUST344	Female	42
CUST841	Male	31
CUST500	Female	60
CUST221	Male	39
CUST045	Female	55
CUST690	Female	52
CUST944	Male	44
CUST465	Female	43
CUST818	Male	30
CUST688	Male	56
CUST335	Female	47
CUST052	Female	36
CUST010	Female	52
CUST380	Male	56
CUST918	Female	42
CUST514	Female	18
CUST078	Female	47
CUST381	Female	44
CUST949	Female	41
CUST910	Female	20
CUST938	Male	49
CUST192	Male	62
CUST520	Female	49
CUST441	Male	57
CUST104	Female	34
CUST088	Male	56
CUST705	Male	60
CUST531	Male	31
CUST123	Female	40
CUST094	Female	47
CUST564	Male	50
CUST371	Female	20
CUST525	Female	47
CUST712	Female	57
CUST330	Female	25
CUST819	Female	35
CUST440	Male	64
CUST109	Female	34
CUST509	Female	37
CUST963	Female	55
CUST029	Female	42
CUST948	Female	23
CUST684	Female	28
CUST887	Male	59
CUST657	Male	40
CUST184	Male	31
CUST845	Male	54
CUST652	Female	34
CUST670	Male	27
CUST597	Male	22
CUST043	Female	48
CUST042	Male	22
CUST353	Male	31
CUST931	Male	30
CUST376	Female	64
CUST685	Male	57
CUST343	Male	21
CUST977	Female	35
CUST628	Female	19
CUST745	Male	54
CUST477	Male	43
CUST359	Male	50
CUST972	Male	49
CUST912	Male	51
CUST858	Male	23
CUST013	Male	22
CUST844	Male	35
CUST660	Female	38
CUST731	Male	54
CUST624	Female	34
CUST212	Male	21
CUST136	Male	44
CUST647	Male	59
CUST363	Male	64
\.


--
-- Data for Name: product; Type: TABLE DATA; Schema: public; Owner: postgres
--

COPY public.product (category, priceperunit) FROM stdin;
Beauty	300.00
Clothing	25.00
Beauty	30.00
Clothing	300.00
Clothing	500.00
Beauty	25.00
Beauty	500.00
Clothing	30.00
Electronics	30.00
Clothing	50.00
Electronics	25.00
Electronics	50.00
Beauty	50.00
Electronics	300.00
Electronics	500.00
\.


--
-- Data for Name: transaction; Type: TABLE DATA; Schema: public; Owner: postgres
--

COPY public.transaction (transactionid, customerid, transdate) FROM stdin;
459	CUST459	2023-03-21
799	CUST799	2023-09-08
711	CUST711	2023-10-16
694	CUST694	2023-05-20
198	CUST198	2023-03-07
882	CUST882	2023-06-06
107	CUST107	2023-02-03
461	CUST461	2023-03-25
212	CUST212	2023-06-09
907	CUST907	2023-01-08
383	CUST383	2023-03-22
964	CUST964	2023-01-31
840	CUST840	2023-05-24
1	CUST001	2023-11-24
959	CUST959	2023-10-29
718	CUST718	2023-08-25
333	CUST333	2023-02-05
292	CUST292	2023-02-17
855	CUST855	2023-09-01
70	CUST070	2023-02-21
927	CUST927	2023-06-24
480	CUST480	2023-06-29
412	CUST412	2023-09-16
137	CUST137	2023-11-18
768	CUST768	2023-01-14
533	CUST533	2023-11-16
217	CUST217	2023-08-13
376	CUST376	2023-05-16
949	CUST949	2023-08-02
942	CUST942	2023-03-18
166	CUST166	2023-04-02
454	CUST454	2023-02-22
395	CUST395	2023-12-06
114	CUST114	2023-07-22
39	CUST039	2023-04-21
207	CUST207	2023-04-19
161	CUST161	2023-03-22
76	CUST076	2023-03-25
809	CUST809	2023-09-25
785	CUST785	2023-03-03
604	CUST604	2023-09-11
557	CUST557	2023-07-27
958	CUST958	2023-06-02
33	CUST033	2023-03-23
345	CUST345	2023-11-14
813	CUST813	2023-10-03
476	CUST476	2023-08-29
205	CUST205	2023-11-07
362	CUST362	2023-11-27
259	CUST259	2023-08-09
105	CUST105	2023-07-25
867	CUST867	2023-06-06
252	CUST252	2023-05-05
849	CUST849	2023-05-04
825	CUST825	2023-08-26
108	CUST108	2023-04-19
760	CUST760	2023-03-27
450	CUST450	2023-04-18
434	CUST434	2023-02-08
824	CUST824	2023-05-05
26	CUST026	2023-10-07
750	CUST750	2023-03-06
438	CUST438	2023-01-19
772	CUST772	2023-07-12
353	CUST353	2023-05-14
603	CUST603	2023-07-16
883	CUST883	2023-05-09
823	CUST823	2023-08-19
819	CUST819	2023-06-15
392	CUST392	2023-12-08
896	CUST896	2023-10-29
617	CUST617	2023-08-26
7	CUST007	2023-03-13
162	CUST162	2023-08-21
576	CUST576	2023-12-04
458	CUST458	2023-11-14
210	CUST210	2023-04-13
288	CUST288	2023-01-26
756	CUST756	2023-08-27
598	CUST598	2023-08-01
966	CUST966	2023-02-20
817	CUST817	2023-10-31
472	CUST472	2023-12-26
251	CUST251	2023-08-31
197	CUST197	2023-03-06
186	CUST186	2023-07-05
944	CUST944	2023-06-05
129	CUST129	2023-04-23
985	CUST985	2023-05-30
919	CUST919	2023-09-09
300	CUST300	2023-01-31
612	CUST612	2023-08-06
124	CUST124	2023-10-27
17	CUST017	2023-04-22
814	CUST814	2023-09-05
570	CUST570	2023-08-15
467	CUST467	2023-07-30
277	CUST277	2023-08-18
235	CUST235	2023-01-31
583	CUST583	2023-06-21
219	CUST219	2023-08-20
649	CUST649	2023-02-09
475	CUST475	2023-01-20
500	CUST500	2023-03-01
739	CUST739	2023-11-29
317	CUST317	2023-01-30
746	CUST746	2023-01-11
58	CUST058	2023-11-13
762	CUST762	2023-11-07
890	CUST890	2023-12-20
755	CUST755	2023-04-22
549	CUST549	2023-08-04
952	CUST952	2023-11-13
396	CUST396	2023-02-23
898	CUST898	2023-11-02
280	CUST280	2023-04-04
943	CUST943	2023-10-16
563	CUST563	2023-08-09
917	CUST917	2023-03-06
899	CUST899	2023-05-25
865	CUST865	2023-12-21
784	CUST784	2023-11-04
182	CUST182	2023-06-15
61	CUST061	2023-04-09
283	CUST283	2023-05-08
657	CUST657	2023-02-11
663	CUST663	2023-03-20
569	CUST569	2023-08-15
225	CUST225	2023-01-11
702	CUST702	2023-07-27
511	CUST511	2023-08-12
77	CUST077	2023-07-09
31	CUST031	2023-05-23
937	CUST937	2023-10-23
319	CUST319	2023-10-05
696	CUST696	2023-09-06
403	CUST403	2023-05-20
130	CUST130	2023-03-12
909	CUST909	2023-10-01
477	CUST477	2023-04-24
599	CUST599	2023-11-19
206	CUST206	2023-08-05
36	CUST036	2023-06-24
530	CUST530	2023-02-05
520	CUST520	2023-12-29
487	CUST487	2023-07-24
761	CUST761	2023-11-07
239	CUST239	2023-06-19
25	CUST025	2023-12-26
110	CUST110	2023-06-11
639	CUST639	2023-05-13
285	CUST285	2023-08-15
978	CUST978	2023-03-22
582	CUST582	2023-11-14
982	CUST982	2023-12-19
626	CUST626	2023-09-29
220	CUST220	2023-03-03
249	CUST249	2023-10-20
492	CUST492	2023-06-29
393	CUST393	2023-10-11
369	CUST369	2023-11-15
911	CUST911	2023-05-21
689	CUST689	2023-10-07
490	CUST490	2023-02-05
935	CUST935	2023-09-09
741	CUST741	2023-11-30
332	CUST332	2023-04-06
506	CUST506	2023-02-25
512	CUST512	2023-11-07
354	CUST354	2023-04-15
980	CUST980	2023-07-29
589	CUST589	2023-04-12
199	CUST199	2023-12-04
88	CUST088	2023-03-29
231	CUST231	2023-01-04
223	CUST223	2023-02-02
593	CUST593	2023-05-06
682	CUST682	2023-09-02
49	CUST049	2023-01-23
678	CUST678	2023-12-23
301	CUST301	2023-03-26
63	CUST063	2023-02-05
601	CUST601	2023-04-10
4	CUST004	2023-05-21
57	CUST057	2023-11-18
430	CUST430	2023-08-07
102	CUST102	2023-04-28
291	CUST291	2023-01-08
538	CUST538	2023-09-17
2	CUST002	2023-02-27
934	CUST934	2023-07-25
910	CUST910	2023-03-06
832	CUST832	2023-09-11
743	CUST743	2023-01-16
352	CUST352	2023-06-11
244	CUST244	2023-12-09
139	CUST139	2023-12-15
528	CUST528	2023-07-06
140	CUST140	2023-08-05
853	CUST853	2023-05-04
789	CUST789	2023-09-30
861	CUST861	2023-02-17
156	CUST156	2023-11-25
633	CUST633	2023-08-07
416	CUST416	2023-02-17
387	CUST387	2023-06-04
142	CUST142	2023-02-02
659	CUST659	2023-03-19
748	CUST748	2023-03-20
181	CUST181	2023-11-03
805	CUST805	2023-12-29
726	CUST726	2023-06-17
167	CUST167	2023-09-17
32	CUST032	2023-01-04
693	CUST693	2023-04-23
588	CUST588	2023-04-26
842	CUST842	2023-12-26
620	CUST620	2023-05-08
928	CUST928	2023-04-05
636	CUST636	2023-03-23
629	CUST629	2023-06-12
141	CUST141	2023-11-02
747	CUST747	2023-11-15
433	CUST433	2023-02-27
343	CUST343	2023-11-01
305	CUST305	2023-05-16
685	CUST685	2023-06-02
793	CUST793	2023-02-05
50	CUST050	2023-08-24
360	CUST360	2023-03-09
552	CUST552	2023-12-13
282	CUST282	2023-08-25
665	CUST665	2023-04-20
10	CUST010	2023-10-07
551	CUST551	2023-07-14
753	CUST753	2023-02-28
860	CUST860	2023-01-09
541	CUST541	2023-07-29
815	CUST815	2023-08-27
86	CUST086	2023-11-08
670	CUST670	2023-10-05
634	CUST634	2023-10-08
606	CUST606	2023-05-05
808	CUST808	2023-04-01
742	CUST742	2023-01-21
981	CUST981	2023-08-19
397	CUST397	2023-03-10
697	CUST697	2023-01-15
165	CUST165	2023-09-14
562	CUST562	2023-04-18
89	CUST089	2023-10-01
404	CUST404	2023-05-25
315	CUST315	2023-06-01
221	CUST221	2023-05-07
567	CUST567	2023-06-14
683	CUST683	2023-01-04
35	CUST035	2023-08-05
44	CUST044	2023-02-19
940	CUST940	2023-01-28
370	CUST370	2023-10-16
821	CUST821	2023-02-14
574	CUST574	2023-08-31
47	CUST047	2023-11-06
178	CUST178	2023-10-04
668	CUST668	2023-07-28
453	CUST453	2023-12-08
703	CUST703	2023-03-26
122	CUST122	2023-10-03
173	CUST173	2023-11-08
807	CUST807	2023-08-11
13	CUST013	2023-08-05
18	CUST018	2023-04-30
777	CUST777	2023-12-20
728	CUST728	2023-07-14
381	CUST381	2023-07-09
951	CUST951	2023-11-02
971	CUST971	2023-12-05
215	CUST215	2023-11-29
609	CUST609	2023-12-19
351	CUST351	2023-09-25
671	CUST671	2023-08-27
708	CUST708	2023-01-14
163	CUST163	2023-01-02
864	CUST864	2023-07-27
104	CUST104	2023-06-11
997	CUST997	2023-11-17
502	CUST502	2023-04-02
294	CUST294	2023-03-27
361	CUST361	2023-12-10
804	CUST804	2023-08-24
222	CUST222	2023-04-26
372	CUST372	2023-02-07
203	CUST203	2023-05-16
407	CUST407	2023-06-25
619	CUST619	2023-10-13
329	CUST329	2023-01-30
559	CUST559	2023-01-01
834	CUST834	2023-04-04
828	CUST828	2023-12-09
701	CUST701	2023-12-14
153	CUST153	2023-12-16
954	CUST954	2023-09-25
66	CUST066	2023-04-27
722	CUST722	2023-07-14
826	CUST826	2023-10-19
408	CUST408	2023-04-15
297	CUST297	2023-09-04
566	CUST566	2023-12-02
314	CUST314	2023-04-08
811	CUST811	2023-05-19
600	CUST600	2023-10-22
695	CUST695	2023-08-12
380	CUST380	2023-05-06
92	CUST092	2023-08-25
227	CUST227	2023-10-11
14	CUST014	2023-01-17
662	CUST662	2023-12-22
398	CUST398	2023-05-16
245	CUST245	2023-09-06
871	CUST871	2023-08-31
74	CUST074	2023-11-22
73	CUST073	2023-08-21
189	CUST189	2023-01-30
147	CUST147	2023-09-28
269	CUST269	2023-02-01
938	CUST938	2023-11-19
289	CUST289	2023-11-30
969	CUST969	2023-04-19
797	CUST797	2023-01-07
519	CUST519	2023-01-23
780	CUST780	2023-02-22
716	CUST716	2023-08-08
56	CUST056	2023-05-31
154	CUST154	2023-10-02
993	CUST993	2023-02-06
6	CUST006	2023-04-25
602	CUST602	2023-12-23
411	CUST411	2023-05-16
995	CUST995	2023-04-30
597	CUST597	2023-08-22
586	CUST586	2023-12-11
258	CUST258	2023-12-04
733	CUST733	2023-08-29
870	CUST870	2023-07-08
921	CUST921	2023-01-07
474	CUST474	2023-07-15
491	CUST491	2023-05-23
422	CUST422	2023-06-20
888	CUST888	2023-03-03
857	CUST857	2023-12-31
479	CUST479	2023-08-24
240	CUST240	2023-02-06
856	CUST856	2023-11-27
415	CUST415	2023-01-27
862	CUST862	2023-05-31
547	CUST547	2023-03-07
386	CUST386	2023-12-27
939	CUST939	2023-12-18
699	CUST699	2023-06-22
455	CUST455	2023-07-01
972	CUST972	2023-02-11
608	CUST608	2023-12-02
236	CUST236	2023-04-28
759	CUST759	2023-07-08
316	CUST316	2023-04-22
525	CUST525	2023-12-18
428	CUST428	2023-10-10
913	CUST913	2023-01-28
180	CUST180	2023-01-01
307	CUST307	2023-05-27
378	CUST378	2023-06-28
578	CUST578	2023-05-26
302	CUST302	2023-07-14
16	CUST016	2023-02-17
847	CUST847	2023-04-08
247	CUST247	2023-10-04
669	CUST669	2023-06-19
827	CUST827	2023-11-09
510	CUST510	2023-06-10
497	CUST497	2023-10-02
40	CUST040	2023-06-22
15	CUST015	2023-01-16
473	CUST473	2023-02-25
94	CUST094	2023-05-19
260	CUST260	2023-07-01
918	CUST918	2023-11-23
851	CUST851	2023-09-08
983	CUST983	2023-11-01
859	CUST859	2023-08-18
425	CUST425	2023-05-15
591	CUST591	2023-01-13
922	CUST922	2023-10-21
304	CUST304	2023-07-19
11	CUST011	2023-02-14
798	CUST798	2023-08-04
522	CUST522	2023-01-01
143	CUST143	2023-07-17
228	CUST228	2023-04-28
379	CUST379	2023-02-05
159	CUST159	2023-05-31
690	CUST690	2023-11-05
298	CUST298	2023-04-20
194	CUST194	2023-09-06
831	CUST831	2023-01-15
801	CUST801	2023-08-10
905	CUST905	2023-04-02
886	CUST886	2023-04-09
719	CUST719	2023-04-04
437	CUST437	2023-10-07
201	CUST201	2023-10-09
339	CUST339	2023-03-03
214	CUST214	2023-12-10
229	CUST229	2023-10-29
426	CUST426	2023-03-24
112	CUST112	2023-12-02
67	CUST067	2023-05-29
120	CUST120	2023-05-07
754	CUST754	2023-10-16
640	CUST640	2023-05-07
127	CUST127	2023-07-24
448	CUST448	2023-01-21
313	CUST313	2023-03-21
388	CUST388	2023-11-10
423	CUST423	2023-03-08
261	CUST261	2023-08-05
60	CUST060	2023-10-23
310	CUST310	2023-10-12
253	CUST253	2023-08-31
460	CUST460	2023-05-02
445	CUST445	2023-01-22
575	CUST575	2023-03-28
920	CUST920	2023-02-22
148	CUST148	2023-05-09
941	CUST941	2023-03-19
691	CUST691	2023-04-23
916	CUST916	2023-12-24
560	CUST560	2023-06-05
844	CUST844	2023-10-12
275	CUST275	2023-04-08
144	CUST144	2023-07-15
884	CUST884	2023-04-29
98	CUST098	2023-04-23
967	CUST967	2023-04-17
350	CUST350	2023-10-17
776	CUST776	2023-10-31
623	CUST623	2023-03-10
906	CUST906	2023-06-04
960	CUST960	2023-08-08
355	CUST355	2023-12-09
565	CUST565	2023-11-07
447	CUST447	2023-07-06
887	CUST887	2023-06-11
191	CUST191	2023-10-18
769	CUST769	2023-06-09
712	CUST712	2023-12-06
243	CUST243	2023-05-23
829	CUST829	2023-07-14
435	CUST435	2023-12-20
643	CUST643	2023-09-24
979	CUST979	2023-01-02
830	CUST830	2023-06-22
795	CUST795	2023-11-28
692	CUST692	2023-09-07
399	CUST399	2023-03-01
152	CUST152	2023-02-28
956	CUST956	2023-08-19
357	CUST357	2023-05-03
869	CUST869	2023-10-25
99	CUST099	2023-12-17
558	CUST558	2023-10-08
233	CUST233	2023-12-29
986	CUST986	2023-01-17
973	CUST973	2023-03-22
535	CUST535	2023-12-06
717	CUST717	2023-03-11
999	CUST999	2023-12-05
976	CUST976	2023-10-10
524	CUST524	2023-10-03
469	CUST469	2023-05-08
157	CUST157	2023-06-24
183	CUST183	2023-09-08
501	CUST501	2023-05-14
324	CUST324	2023-10-27
113	CUST113	2023-09-13
872	CUST872	2023-10-11
359	CUST359	2023-07-22
83	CUST083	2023-12-16
79	CUST079	2023-04-18
489	CUST489	2023-05-23
572	CUST572	2023-04-20
984	CUST984	2023-08-29
577	CUST577	2023-02-13
885	CUST885	2023-03-03
707	CUST707	2023-10-01
846	CUST846	2023-09-22
323	CUST323	2023-01-26
131	CUST131	2023-09-18
250	CUST250	2023-10-23
947	CUST947	2023-03-02
837	CUST837	2023-07-01
673	CUST673	2023-02-01
331	CUST331	2023-02-11
464	CUST464	2023-01-13
268	CUST268	2023-02-20
391	CUST391	2023-01-05
544	CUST544	2023-12-23
54	CUST054	2023-02-10
176	CUST176	2023-07-11
123	CUST123	2023-05-15
903	CUST903	2023-04-27
128	CUST128	2023-07-05
135	CUST135	2023-02-26
172	CUST172	2023-09-17
900	CUST900	2023-02-21
878	CUST878	2023-06-30
296	CUST296	2023-09-06
337	CUST337	2023-05-01
400	CUST400	2023-02-24
293	CUST293	2023-05-02
242	CUST242	2023-05-02
868	CUST868	2023-12-06
394	CUST394	2023-06-03
327	CUST327	2023-09-29
344	CUST344	2023-01-21
429	CUST429	2023-12-28
3	CUST003	2023-01-13
787	CUST787	2023-01-22
923	CUST923	2023-05-26
12	CUST012	2023-10-30
735	CUST735	2023-10-04
179	CUST179	2023-09-29
727	CUST727	2023-06-22
786	CUST786	2023-10-17
614	CUST614	2023-04-01
607	CUST607	2023-03-17
744	CUST744	2023-05-07
573	CUST573	2023-09-19
729	CUST729	2023-05-23
818	CUST818	2023-05-18
419	CUST419	2023-05-22
375	CUST375	2023-09-17
977	CUST977	2023-02-08
443	CUST443	2023-08-09
876	CUST876	2023-10-09
637	CUST637	2023-09-01
926	CUST926	2023-08-14
902	CUST902	2023-06-01
667	CUST667	2023-08-01
537	CUST537	2023-06-03
483	CUST483	2023-04-25
21	CUST021	2023-01-14
881	CUST881	2023-05-19
368	CUST368	2023-08-23
594	CUST594	2023-09-01
465	CUST465	2023-04-02
349	CUST349	2023-10-26
342	CUST342	2023-10-24
605	CUST605	2023-07-24
325	CUST325	2023-09-02
27	CUST027	2023-08-03
806	CUST806	2023-03-20
775	CUST775	2023-02-08
596	CUST596	2023-02-07
713	CUST713	2023-01-14
238	CUST238	2023-01-17
897	CUST897	2023-09-26
820	CUST820	2023-05-06
126	CUST126	2023-10-26
503	CUST503	2023-10-25
421	CUST421	2023-01-02
470	CUST470	2023-05-17
431	CUST431	2023-10-15
87	CUST087	2023-11-22
456	CUST456	2023-10-14
481	CUST481	2023-06-06
200	CUST200	2023-09-01
592	CUST592	2023-01-24
118	CUST118	2023-05-16
987	CUST987	2023-04-29
579	CUST579	2023-09-21
638	CUST638	2023-08-19
891	CUST891	2023-04-05
37	CUST037	2023-05-23
758	CUST758	2023-05-12
720	CUST720	2023-01-26
654	CUST654	2023-06-21
652	CUST652	2023-05-01
679	CUST679	2023-01-11
149	CUST149	2023-10-11
133	CUST133	2023-02-16
700	CUST700	2023-12-09
822	CUST822	2023-05-23
442	CUST442	2023-03-17
513	CUST513	2023-09-19
874	CUST874	2023-06-26
281	CUST281	2023-05-23
81	CUST081	2023-05-17
504	CUST504	2023-05-16
681	CUST681	2023-07-14
209	CUST209	2023-12-20
925	CUST925	2023-09-03
757	CUST757	2023-12-25
791	CUST791	2023-12-05
740	CUST740	2023-02-05
516	CUST516	2023-10-23
266	CUST266	2023-12-01
953	CUST953	2023-04-26
779	CUST779	2023-05-05
42	CUST042	2023-02-17
635	CUST635	2023-08-17
641	CUST641	2023-11-23
271	CUST271	2023-06-23
262	CUST262	2023-07-30
270	CUST270	2023-07-26
190	CUST190	2023-05-04
961	CUST961	2023-06-06
858	CUST858	2023-09-09
688	CUST688	2023-10-03
121	CUST121	2023-10-15
254	CUST254	2023-07-28
463	CUST463	2023-07-31
406	CUST406	2023-04-18
554	CUST554	2023-11-12
19	CUST019	2023-09-16
930	CUST930	2023-05-10
595	CUST595	2023-11-09
169	CUST169	2023-11-17
542	CUST542	2023-06-17
224	CUST224	2023-06-23
111	CUST111	2023-04-19
164	CUST164	2023-05-15
53	CUST053	2023-07-13
22	CUST022	2023-10-15
644	CUST644	2023-09-06
382	CUST382	2023-05-26
41	CUST041	2023-02-22
672	CUST672	2023-08-01
893	CUST893	2023-04-21
371	CUST371	2023-02-21
664	CUST664	2023-12-28
863	CUST863	2023-04-24
684	CUST684	2023-06-30
482	CUST482	2023-04-27
895	CUST895	2023-05-22
488	CUST488	2023-06-18
45	CUST045	2023-07-03
439	CUST439	2023-07-09
723	CUST723	2023-06-17
385	CUST385	2023-10-06
998	CUST998	2023-10-29
816	CUST816	2023-08-12
449	CUST449	2023-07-03
666	CUST666	2023-02-02
303	CUST303	2023-01-02
471	CUST471	2023-03-23
299	CUST299	2023-07-25
803	CUST803	2023-11-22
272	CUST272	2023-02-25
151	CUST151	2023-12-15
843	CUST843	2023-05-22
295	CUST295	2023-07-28
539	CUST539	2023-06-08
714	CUST714	2023-02-12
348	CUST348	2023-12-03
211	CUST211	2024-01-01
543	CUST543	2023-07-26
358	CUST358	2023-05-16
564	CUST564	2023-10-24
555	CUST555	2023-10-19
427	CUST427	2023-08-15
628	CUST628	2023-11-01
548	CUST548	2023-04-09
988	CUST988	2023-05-28
436	CUST436	2023-03-18
410	CUST410	2023-11-21
674	CUST674	2023-04-16
771	CUST771	2023-12-13
241	CUST241	2023-09-21
968	CUST968	2023-11-17
848	CUST848	2023-02-13
611	CUST611	2023-02-24
202	CUST202	2023-03-26
616	CUST616	2023-09-23
273	CUST273	2023-05-08
765	CUST765	2023-06-09
732	CUST732	2023-02-11
204	CUST204	2023-09-28
320	CUST320	2023-02-01
752	CUST752	2023-12-09
698	CUST698	2023-07-19
23	CUST023	2023-04-12
877	CUST877	2023-06-19
836	CUST836	2023-04-19
346	CUST346	2023-02-11
540	CUST540	2023-12-08
405	CUST405	2023-11-06
936	CUST936	2023-02-07
264	CUST264	2023-01-28
810	CUST810	2023-11-30
136	CUST136	2023-03-20
514	CUST514	2023-03-01
875	CUST875	2023-08-06
526	CUST526	2023-12-10
990	CUST990	2023-05-25
267	CUST267	2023-11-27
90	CUST090	2023-05-06
263	CUST263	2023-08-28
48	CUST048	2023-05-16
962	CUST962	2023-10-19
109	CUST109	2023-10-18
150	CUST150	2023-01-06
116	CUST116	2023-08-23
485	CUST485	2023-12-04
196	CUST196	2023-09-30
46	CUST046	2023-06-26
738	CUST738	2023-04-25
312	CUST312	2023-09-07
724	CUST724	2023-04-19
457	CUST457	2023-07-28
568	CUST568	2023-08-27
365	CUST365	2023-06-11
515	CUST515	2023-07-17
948	CUST948	2023-10-13
933	CUST933	2023-02-03
536	CUST536	2023-03-05
904	CUST904	2023-07-04
705	CUST705	2023-03-07
452	CUST452	2023-05-08
290	CUST290	2023-10-04
52	CUST052	2023-03-05
812	CUST812	2023-11-12
218	CUST218	2023-09-22
71	CUST071	2023-07-14
584	CUST584	2023-02-17
96	CUST096	2023-12-19
9	CUST009	2023-12-13
495	CUST495	2023-07-24
78	CUST078	2023-07-01
509	CUST509	2023-06-26
866	CUST866	2023-05-05
615	CUST615	2023-12-23
1000	CUST1000	2023-04-12
374	CUST374	2023-04-20
932	CUST932	2023-02-28
763	CUST763	2023-02-28
418	CUST418	2023-08-05
796	CUST796	2023-06-24
508	CUST508	2023-08-11
75	CUST075	2023-07-06
138	CUST138	2023-03-23
610	CUST610	2023-01-03
788	CUST788	2023-06-27
335	CUST335	2023-02-04
931	CUST931	2023-09-02
845	CUST845	2023-01-06
879	CUST879	2023-12-26
770	CUST770	2023-10-22
653	CUST653	2023-05-20
321	CUST321	2023-06-10
440	CUST440	2023-10-26
257	CUST257	2023-02-19
101	CUST101	2023-01-29
658	CUST658	2023-03-12
534	CUST534	2023-06-10
43	CUST043	2023-07-14
441	CUST441	2023-10-10
278	CUST278	2023-03-13
901	CUST901	2023-04-10
468	CUST468	2023-12-09
356	CUST356	2023-06-10
265	CUST265	2023-12-11
914	CUST914	2023-10-11
38	CUST038	2023-03-21
424	CUST424	2023-11-23
237	CUST237	2023-02-04
34	CUST034	2023-12-24
170	CUST170	2023-06-02
174	CUST174	2023-04-12
97	CUST097	2023-10-13
730	CUST730	2023-08-04
341	CUST341	2023-05-07
546	CUST546	2023-10-11
72	CUST072	2023-05-23
168	CUST168	2023-02-24
155	CUST155	2023-05-17
517	CUST517	2023-04-08
478	CUST478	2023-04-13
367	CUST367	2023-01-05
306	CUST306	2023-08-21
680	CUST680	2023-10-22
432	CUST432	2023-01-05
675	CUST675	2023-08-04
581	CUST581	2023-11-21
527	CUST527	2023-04-11
125	CUST125	2023-08-08
622	CUST622	2023-08-22
561	CUST561	2023-05-27
505	CUST505	2023-01-20
994	CUST994	2023-12-18
309	CUST309	2023-12-23
59	CUST059	2023-07-05
550	CUST550	2023-12-07
532	CUST532	2023-06-19
336	CUST336	2023-12-12
175	CUST175	2023-03-20
496	CUST496	2023-12-14
226	CUST226	2023-10-29
146	CUST146	2023-08-28
880	CUST880	2023-08-21
330	CUST330	2023-09-18
318	CUST318	2023-10-24
946	CUST946	2023-05-08
656	CUST656	2023-10-04
187	CUST187	2023-06-07
377	CUST377	2023-03-09
444	CUST444	2023-03-07
484	CUST484	2023-01-13
184	CUST184	2023-01-10
401	CUST401	2023-10-11
751	CUST751	2023-08-31
462	CUST462	2023-04-01
781	CUST781	2023-12-23
655	CUST655	2023-06-13
894	CUST894	2023-09-05
613	CUST613	2023-04-23
284	CUST284	2023-02-08
366	CUST366	2023-02-07
764	CUST764	2023-03-25
420	CUST420	2023-01-23
308	CUST308	2023-08-05
736	CUST736	2023-01-27
970	CUST970	2023-05-16
51	CUST051	2023-10-02
413	CUST413	2023-09-08
311	CUST311	2023-12-05
93	CUST093	2023-07-14
24	CUST024	2023-11-29
171	CUST171	2023-11-24
571	CUST571	2023-12-12
390	CUST390	2023-09-28
661	CUST661	2023-07-16
715	CUST715	2023-11-26
989	CUST989	2023-12-28
782	CUST782	2023-06-04
134	CUST134	2023-01-25
493	CUST493	2023-11-25
645	CUST645	2023-11-17
873	CUST873	2023-09-29
651	CUST651	2023-05-27
767	CUST767	2023-10-24
95	CUST095	2023-11-24
208	CUST208	2023-10-04
446	CUST446	2023-06-07
835	CUST835	2023-09-07
274	CUST274	2023-04-09
706	CUST706	2023-11-15
328	CUST328	2023-03-22
553	CUST553	2023-03-31
839	CUST839	2023-06-24
185	CUST185	2023-02-27
647	CUST647	2023-05-21
20	CUST020	2023-11-05
466	CUST466	2023-06-20
587	CUST587	2023-06-08
234	CUST234	2023-11-20
912	CUST912	2023-01-24
414	CUST414	2023-05-09
632	CUST632	2023-09-16
364	CUST364	2023-08-23
279	CUST279	2023-08-05
774	CUST774	2023-04-12
55	CUST055	2023-10-10
794	CUST794	2023-09-17
62	CUST062	2023-12-27
529	CUST529	2023-08-09
499	CUST499	2023-01-15
30	CUST030	2023-10-29
974	CUST974	2023-05-03
965	CUST965	2023-11-09
389	CUST389	2023-12-01
177	CUST177	2023-03-24
625	CUST625	2023-12-08
417	CUST417	2023-11-21
915	CUST915	2023-05-30
773	CUST773	2023-07-23
68	CUST068	2023-02-10
945	CUST945	2023-02-13
246	CUST246	2023-04-20
545	CUST545	2023-06-01
710	CUST710	2023-10-31
531	CUST531	2023-12-07
103	CUST103	2023-01-17
248	CUST248	2023-03-09
160	CUST160	2023-08-11
117	CUST117	2023-03-15
924	CUST924	2023-08-29
790	CUST790	2023-08-08
132	CUST132	2023-09-10
963	CUST963	2023-11-14
326	CUST326	2023-09-15
660	CUST660	2023-04-29
908	CUST908	2023-12-29
373	CUST373	2023-10-03
709	CUST709	2023-07-21
232	CUST232	2023-02-06
992	CUST992	2023-08-21
402	CUST402	2023-03-21
409	CUST409	2023-12-18
618	CUST618	2023-01-26
676	CUST676	2023-07-19
29	CUST029	2023-08-18
852	CUST852	2023-10-12
631	CUST631	2023-11-10
518	CUST518	2023-05-11
230	CUST230	2023-04-23
347	CUST347	2023-08-03
85	CUST085	2023-02-06
5	CUST005	2023-05-06
838	CUST838	2023-05-13
195	CUST195	2023-02-05
802	CUST802	2023-07-05
119	CUST119	2023-03-13
955	CUST955	2023-07-14
521	CUST521	2023-08-12
498	CUST498	2023-06-19
621	CUST621	2023-03-04
642	CUST642	2023-05-22
766	CUST766	2023-02-25
338	CUST338	2023-07-26
627	CUST627	2023-10-14
854	CUST854	2023-12-20
745	CUST745	2023-04-13
523	CUST523	2023-09-24
630	CUST630	2023-08-15
996	CUST996	2023-05-16
8	CUST008	2023-02-22
975	CUST975	2023-03-30
778	CUST778	2023-11-18
340	CUST340	2023-10-19
256	CUST256	2023-02-18
624	CUST624	2023-08-26
580	CUST580	2023-12-06
286	CUST286	2023-10-09
193	CUST193	2023-02-13
82	CUST082	2023-12-26
731	CUST731	2023-05-10
850	CUST850	2023-07-28
929	CUST929	2023-01-27
833	CUST833	2023-06-16
188	CUST188	2023-05-03
687	CUST687	2023-08-03
91	CUST091	2023-03-25
800	CUST800	2023-02-24
115	CUST115	2023-11-26
892	CUST892	2023-04-09
749	CUST749	2023-05-03
486	CUST486	2023-04-09
704	CUST704	2023-08-28
721	CUST721	2023-05-14
585	CUST585	2023-05-01
192	CUST192	2023-02-10
677	CUST677	2023-10-27
64	CUST064	2023-01-24
991	CUST991	2023-12-26
737	CUST737	2023-06-29
507	CUST507	2023-11-02
69	CUST069	2023-04-30
213	CUST213	2023-07-24
100	CUST100	2023-06-16
216	CUST216	2023-07-11
451	CUST451	2023-12-16
158	CUST158	2023-02-27
363	CUST363	2023-06-03
322	CUST322	2023-01-30
646	CUST646	2023-05-03
590	CUST590	2023-03-17
106	CUST106	2023-05-18
648	CUST648	2023-08-14
28	CUST028	2023-04-23
287	CUST287	2023-02-20
384	CUST384	2023-08-13
957	CUST957	2023-08-15
950	CUST950	2023-11-07
494	CUST494	2023-09-18
783	CUST783	2023-12-17
792	CUST792	2023-07-09
334	CUST334	2023-11-01
889	CUST889	2023-10-02
686	CUST686	2023-07-19
841	CUST841	2023-11-02
725	CUST725	2023-08-21
734	CUST734	2023-01-10
276	CUST276	2023-10-02
255	CUST255	2023-04-08
65	CUST065	2023-12-05
650	CUST650	2024-01-01
80	CUST080	2023-12-10
84	CUST084	2023-11-28
145	CUST145	2023-11-02
556	CUST556	2023-06-04
\.


--
-- Data for Name: transactiondetails; Type: TABLE DATA; Schema: public; Owner: postgres
--

COPY public.transactiondetails (transactionid, category, priceperunit, quantity, totalamt) FROM stdin;
1	Beauty	50.00	3	150.00
2	Clothing	500.00	2	1000.00
3	Electronics	30.00	1	30.00
4	Clothing	500.00	1	500.00
5	Beauty	50.00	2	100.00
6	Beauty	30.00	1	30.00
7	Clothing	25.00	2	50.00
8	Electronics	25.00	4	100.00
9	Electronics	300.00	2	600.00
10	Clothing	50.00	4	200.00
11	Clothing	50.00	2	100.00
12	Beauty	25.00	3	75.00
13	Electronics	500.00	3	1500.00
14	Clothing	30.00	4	120.00
15	Electronics	500.00	4	2000.00
16	Clothing	500.00	3	1500.00
17	Clothing	25.00	4	100.00
18	Electronics	25.00	2	50.00
19	Clothing	25.00	2	50.00
20	Clothing	300.00	3	900.00
21	Beauty	500.00	1	500.00
22	Clothing	50.00	2	100.00
23	Clothing	30.00	4	120.00
24	Clothing	300.00	1	300.00
25	Beauty	50.00	1	50.00
26	Electronics	500.00	2	1000.00
27	Beauty	25.00	2	50.00
28	Beauty	500.00	1	500.00
29	Electronics	30.00	1	30.00
30	Beauty	300.00	3	900.00
31	Electronics	300.00	4	1200.00
32	Beauty	30.00	3	90.00
33	Electronics	50.00	2	100.00
34	Clothing	50.00	3	150.00
35	Beauty	300.00	3	900.00
36	Beauty	300.00	3	900.00
37	Beauty	25.00	3	75.00
38	Beauty	50.00	4	200.00
39	Clothing	30.00	4	120.00
40	Beauty	50.00	1	50.00
41	Clothing	25.00	2	50.00
42	Clothing	300.00	3	900.00
43	Clothing	300.00	1	300.00
44	Clothing	25.00	1	25.00
45	Electronics	30.00	1	30.00
46	Electronics	300.00	4	1200.00
47	Beauty	500.00	3	1500.00
48	Electronics	300.00	3	900.00
49	Electronics	500.00	2	1000.00
50	Beauty	25.00	3	75.00
51	Beauty	25.00	3	75.00
52	Beauty	300.00	1	300.00
53	Electronics	50.00	2	100.00
54	Electronics	500.00	3	1500.00
55	Beauty	30.00	4	120.00
56	Clothing	300.00	3	900.00
57	Beauty	30.00	1	30.00
58	Clothing	300.00	4	1200.00
59	Clothing	50.00	1	50.00
60	Beauty	50.00	3	150.00
61	Beauty	50.00	4	200.00
62	Beauty	50.00	2	100.00
63	Electronics	25.00	2	50.00
64	Clothing	25.00	4	100.00
65	Electronics	500.00	4	2000.00
66	Electronics	30.00	1	30.00
67	Beauty	300.00	4	1200.00
68	Electronics	300.00	1	300.00
69	Beauty	25.00	3	75.00
70	Clothing	300.00	1	300.00
71	Beauty	25.00	4	100.00
72	Electronics	500.00	4	2000.00
73	Electronics	30.00	3	90.00
74	Beauty	500.00	4	2000.00
75	Beauty	50.00	4	200.00
76	Electronics	50.00	2	100.00
77	Clothing	50.00	2	100.00
78	Clothing	500.00	3	1500.00
79	Beauty	300.00	1	300.00
80	Clothing	30.00	2	60.00
81	Electronics	50.00	1	50.00
82	Beauty	50.00	4	200.00
83	Electronics	50.00	2	100.00
84	Electronics	30.00	3	90.00
85	Clothing	50.00	3	150.00
86	Beauty	30.00	3	90.00
87	Beauty	50.00	2	100.00
88	Clothing	500.00	1	500.00
89	Electronics	500.00	4	2000.00
90	Electronics	30.00	1	30.00
91	Electronics	500.00	1	500.00
92	Electronics	30.00	4	120.00
93	Beauty	500.00	4	2000.00
94	Beauty	500.00	2	1000.00
95	Clothing	30.00	2	60.00
96	Clothing	300.00	2	600.00
97	Beauty	500.00	2	1000.00
98	Beauty	50.00	2	100.00
99	Electronics	300.00	4	1200.00
100	Electronics	30.00	1	30.00
101	Clothing	300.00	2	600.00
102	Beauty	25.00	2	50.00
103	Clothing	25.00	1	25.00
104	Beauty	500.00	2	1000.00
105	Electronics	500.00	1	500.00
106	Clothing	50.00	1	50.00
107	Clothing	300.00	4	1200.00
108	Beauty	25.00	3	75.00
109	Electronics	500.00	4	2000.00
110	Clothing	300.00	3	900.00
111	Electronics	500.00	3	1500.00
112	Clothing	500.00	3	1500.00
113	Electronics	25.00	2	50.00
114	Beauty	25.00	4	100.00
115	Clothing	500.00	3	1500.00
116	Clothing	30.00	1	30.00
117	Electronics	500.00	2	1000.00
118	Electronics	500.00	4	2000.00
119	Clothing	50.00	3	150.00
120	Beauty	50.00	1	50.00
121	Electronics	50.00	4	200.00
122	Electronics	30.00	4	120.00
123	Electronics	30.00	2	60.00
124	Clothing	500.00	4	2000.00
125	Clothing	50.00	2	100.00
126	Clothing	30.00	3	90.00
127	Clothing	25.00	2	50.00
128	Beauty	500.00	1	500.00
129	Beauty	300.00	2	600.00
130	Clothing	500.00	1	500.00
131	Beauty	300.00	2	600.00
132	Electronics	50.00	4	200.00
133	Electronics	300.00	3	900.00
134	Electronics	50.00	1	50.00
135	Clothing	25.00	2	50.00
136	Electronics	300.00	2	600.00
137	Beauty	500.00	2	1000.00
138	Clothing	50.00	4	200.00
139	Beauty	500.00	4	2000.00
140	Electronics	30.00	1	30.00
141	Electronics	50.00	1	50.00
142	Electronics	300.00	4	1200.00
143	Clothing	50.00	1	50.00
144	Beauty	500.00	3	1500.00
145	Clothing	25.00	3	75.00
146	Clothing	50.00	4	200.00
147	Electronics	300.00	1	300.00
148	Clothing	30.00	2	60.00
149	Clothing	25.00	3	75.00
150	Electronics	30.00	4	120.00
151	Clothing	50.00	1	50.00
152	Electronics	500.00	4	2000.00
153	Electronics	500.00	2	1000.00
154	Electronics	300.00	3	900.00
155	Electronics	500.00	4	2000.00
156	Clothing	25.00	4	100.00
157	Electronics	500.00	4	2000.00
158	Electronics	300.00	2	600.00
159	Clothing	50.00	4	200.00
160	Clothing	50.00	2	100.00
161	Beauty	500.00	2	1000.00
162	Clothing	30.00	2	60.00
163	Clothing	50.00	3	150.00
164	Beauty	500.00	3	1500.00
165	Clothing	300.00	4	1200.00
166	Clothing	500.00	4	2000.00
167	Clothing	50.00	3	150.00
168	Clothing	300.00	1	300.00
169	Beauty	500.00	3	1500.00
170	Clothing	25.00	2	50.00
171	Clothing	300.00	3	900.00
172	Beauty	25.00	2	50.00
173	Electronics	30.00	4	120.00
174	Beauty	300.00	1	300.00
175	Electronics	25.00	4	100.00
176	Beauty	50.00	2	100.00
177	Beauty	50.00	2	100.00
178	Clothing	30.00	2	60.00
179	Electronics	300.00	1	300.00
180	Clothing	300.00	3	900.00
181	Electronics	300.00	4	1200.00
182	Beauty	30.00	4	120.00
183	Beauty	300.00	3	900.00
184	Electronics	50.00	4	200.00
185	Clothing	25.00	1	25.00
186	Clothing	50.00	4	200.00
187	Clothing	50.00	2	100.00
188	Clothing	25.00	3	75.00
189	Beauty	50.00	1	50.00
190	Beauty	30.00	3	90.00
191	Beauty	25.00	1	25.00
192	Beauty	50.00	2	100.00
193	Beauty	500.00	3	1500.00
194	Clothing	50.00	4	200.00
195	Clothing	30.00	1	30.00
196	Clothing	300.00	3	900.00
197	Clothing	50.00	4	200.00
198	Beauty	300.00	3	900.00
199	Beauty	500.00	3	1500.00
200	Beauty	50.00	3	150.00
201	Electronics	25.00	1	25.00
202	Clothing	300.00	4	1200.00
203	Clothing	500.00	2	1000.00
204	Beauty	25.00	1	25.00
205	Clothing	25.00	1	25.00
206	Clothing	25.00	1	25.00
207	Beauty	25.00	2	50.00
208	Electronics	50.00	4	200.00
209	Electronics	50.00	4	200.00
210	Electronics	50.00	4	200.00
211	Beauty	500.00	3	1500.00
212	Clothing	500.00	3	1500.00
213	Beauty	500.00	3	1500.00
214	Beauty	30.00	2	60.00
215	Clothing	500.00	3	1500.00
216	Electronics	50.00	2	100.00
217	Electronics	50.00	4	200.00
218	Beauty	30.00	3	90.00
219	Electronics	30.00	3	90.00
220	Beauty	500.00	1	500.00
221	Beauty	300.00	2	600.00
222	Clothing	30.00	4	120.00
223	Clothing	25.00	1	25.00
224	Clothing	50.00	1	50.00
225	Beauty	25.00	4	100.00
226	Clothing	50.00	1	50.00
227	Electronics	50.00	2	100.00
228	Electronics	30.00	2	60.00
229	Beauty	30.00	3	90.00
230	Beauty	25.00	1	25.00
231	Clothing	50.00	3	150.00
232	Beauty	25.00	1	25.00
233	Beauty	300.00	2	600.00
234	Electronics	25.00	2	50.00
235	Electronics	500.00	2	1000.00
236	Clothing	25.00	1	25.00
237	Beauty	500.00	2	1000.00
238	Beauty	500.00	1	500.00
239	Electronics	500.00	3	1500.00
240	Beauty	300.00	1	300.00
241	Electronics	25.00	3	75.00
242	Clothing	25.00	1	25.00
243	Electronics	300.00	3	900.00
244	Beauty	50.00	2	100.00
245	Clothing	30.00	3	90.00
246	Electronics	25.00	2	50.00
247	Electronics	30.00	2	60.00
248	Clothing	300.00	3	900.00
249	Clothing	50.00	1	50.00
250	Electronics	50.00	1	50.00
251	Beauty	50.00	4	200.00
252	Electronics	300.00	1	300.00
253	Clothing	500.00	4	2000.00
254	Electronics	500.00	1	500.00
255	Clothing	30.00	1	30.00
256	Clothing	500.00	2	1000.00
257	Beauty	500.00	4	2000.00
258	Clothing	50.00	1	50.00
259	Clothing	50.00	4	200.00
260	Beauty	30.00	2	60.00
261	Clothing	25.00	2	50.00
262	Beauty	30.00	4	120.00
263	Beauty	30.00	2	60.00
264	Clothing	300.00	3	900.00
265	Clothing	300.00	3	900.00
266	Electronics	30.00	2	60.00
267	Beauty	30.00	3	90.00
268	Electronics	30.00	1	30.00
269	Clothing	500.00	4	2000.00
270	Electronics	300.00	1	300.00
271	Beauty	30.00	4	120.00
272	Electronics	50.00	2	100.00
273	Beauty	50.00	1	50.00
274	Clothing	500.00	2	1000.00
275	Clothing	500.00	2	1000.00
276	Beauty	25.00	4	100.00
277	Clothing	25.00	4	100.00
278	Clothing	25.00	4	100.00
279	Clothing	500.00	1	500.00
280	Clothing	500.00	3	1500.00
281	Beauty	500.00	4	2000.00
282	Electronics	50.00	4	200.00
283	Electronics	500.00	1	500.00
284	Clothing	50.00	4	200.00
285	Electronics	25.00	1	25.00
286	Electronics	25.00	2	50.00
287	Clothing	25.00	4	100.00
288	Clothing	30.00	4	120.00
289	Electronics	30.00	2	60.00
290	Beauty	300.00	2	600.00
291	Clothing	300.00	2	600.00
292	Beauty	300.00	4	1200.00
293	Electronics	30.00	3	90.00
294	Clothing	30.00	3	90.00
295	Beauty	300.00	3	900.00
296	Clothing	300.00	4	1200.00
297	Electronics	500.00	2	1000.00
298	Beauty	300.00	4	1200.00
299	Electronics	500.00	2	1000.00
300	Electronics	50.00	4	200.00
301	Clothing	30.00	4	120.00
302	Beauty	300.00	2	600.00
303	Electronics	30.00	3	90.00
304	Electronics	30.00	2	60.00
305	Beauty	30.00	1	30.00
306	Electronics	50.00	1	50.00
307	Electronics	25.00	2	50.00
308	Beauty	300.00	4	1200.00
309	Beauty	25.00	1	25.00
310	Beauty	25.00	1	25.00
311	Beauty	25.00	4	100.00
312	Clothing	30.00	4	120.00
313	Beauty	500.00	3	1500.00
314	Clothing	30.00	4	120.00
315	Clothing	30.00	2	60.00
316	Clothing	25.00	2	50.00
317	Electronics	30.00	3	90.00
318	Clothing	25.00	1	25.00
319	Clothing	500.00	1	500.00
320	Electronics	300.00	4	1200.00
321	Electronics	25.00	2	50.00
322	Electronics	500.00	1	500.00
323	Beauty	300.00	3	900.00
324	Electronics	50.00	3	150.00
325	Electronics	25.00	2	50.00
326	Clothing	25.00	3	75.00
327	Electronics	50.00	3	150.00
328	Beauty	50.00	2	100.00
329	Electronics	25.00	4	100.00
330	Beauty	50.00	4	200.00
331	Electronics	30.00	3	90.00
332	Electronics	300.00	4	1200.00
333	Electronics	300.00	4	1200.00
334	Electronics	300.00	3	900.00
335	Beauty	30.00	4	120.00
336	Beauty	50.00	3	150.00
337	Clothing	500.00	1	500.00
338	Beauty	50.00	2	100.00
339	Electronics	25.00	2	50.00
340	Clothing	300.00	4	1200.00
341	Clothing	50.00	4	200.00
342	Clothing	500.00	4	2000.00
343	Electronics	25.00	2	50.00
344	Beauty	30.00	1	30.00
345	Electronics	30.00	1	30.00
346	Clothing	500.00	2	1000.00
347	Electronics	25.00	1	25.00
348	Electronics	300.00	2	600.00
349	Beauty	50.00	1	50.00
350	Beauty	25.00	3	75.00
351	Clothing	30.00	3	90.00
352	Electronics	500.00	2	1000.00
353	Electronics	500.00	1	500.00
354	Beauty	50.00	4	200.00
355	Electronics	500.00	1	500.00
356	Electronics	500.00	3	1500.00
357	Electronics	25.00	3	75.00
358	Beauty	300.00	1	300.00
359	Clothing	50.00	1	50.00
360	Clothing	25.00	4	100.00
361	Electronics	300.00	4	1200.00
362	Clothing	25.00	1	25.00
363	Beauty	25.00	1	25.00
364	Beauty	500.00	1	500.00
365	Clothing	300.00	1	300.00
366	Clothing	50.00	2	100.00
367	Electronics	50.00	1	50.00
368	Clothing	300.00	4	1200.00
369	Electronics	500.00	3	1500.00
370	Electronics	30.00	2	60.00
371	Beauty	25.00	1	25.00
372	Beauty	500.00	3	1500.00
373	Beauty	300.00	2	600.00
374	Beauty	25.00	3	75.00
375	Clothing	50.00	1	50.00
376	Beauty	30.00	1	30.00
377	Clothing	50.00	4	200.00
378	Beauty	300.00	1	300.00
379	Clothing	25.00	1	25.00
380	Electronics	300.00	2	600.00
381	Clothing	25.00	4	100.00
382	Clothing	500.00	2	1000.00
383	Beauty	30.00	3	90.00
384	Clothing	500.00	1	500.00
385	Electronics	500.00	3	1500.00
386	Electronics	300.00	2	600.00
387	Beauty	30.00	1	30.00
388	Electronics	25.00	1	25.00
389	Clothing	25.00	2	50.00
390	Electronics	50.00	2	100.00
391	Beauty	25.00	2	50.00
392	Clothing	300.00	2	600.00
393	Beauty	500.00	2	1000.00
394	Clothing	500.00	1	500.00
395	Electronics	500.00	2	1000.00
396	Beauty	30.00	1	30.00
397	Beauty	25.00	1	25.00
398	Clothing	300.00	2	600.00
399	Beauty	30.00	2	60.00
400	Clothing	50.00	4	200.00
401	Clothing	300.00	1	300.00
402	Clothing	300.00	2	600.00
403	Clothing	300.00	2	600.00
404	Electronics	500.00	2	1000.00
405	Clothing	300.00	4	1200.00
406	Beauty	25.00	4	100.00
407	Electronics	300.00	3	900.00
408	Beauty	500.00	1	500.00
409	Electronics	300.00	3	900.00
410	Clothing	50.00	2	100.00
411	Electronics	50.00	4	200.00
412	Electronics	500.00	4	2000.00
413	Beauty	25.00	3	75.00
414	Beauty	25.00	4	100.00
415	Clothing	30.00	2	60.00
416	Electronics	500.00	4	2000.00
417	Electronics	300.00	3	900.00
418	Electronics	500.00	2	1000.00
419	Clothing	30.00	3	90.00
420	Clothing	500.00	4	2000.00
421	Clothing	500.00	3	1500.00
422	Clothing	30.00	3	90.00
423	Clothing	25.00	1	25.00
424	Beauty	300.00	4	1200.00
425	Electronics	30.00	4	120.00
426	Electronics	50.00	3	150.00
427	Electronics	25.00	1	25.00
428	Electronics	50.00	4	200.00
429	Electronics	25.00	2	50.00
430	Electronics	300.00	3	900.00
431	Electronics	300.00	4	1200.00
432	Electronics	500.00	2	1000.00
433	Beauty	50.00	4	200.00
434	Electronics	25.00	2	50.00
435	Beauty	300.00	3	900.00
436	Clothing	30.00	4	120.00
437	Electronics	300.00	4	1200.00
438	Clothing	30.00	1	30.00
439	Clothing	25.00	3	75.00
440	Clothing	300.00	2	600.00
441	Beauty	300.00	4	1200.00
442	Clothing	25.00	4	100.00
443	Clothing	300.00	2	600.00
444	Clothing	30.00	3	90.00
445	Electronics	300.00	1	300.00
446	Electronics	50.00	1	50.00
447	Beauty	500.00	4	2000.00
448	Beauty	30.00	2	60.00
449	Electronics	50.00	4	200.00
450	Beauty	25.00	2	50.00
451	Electronics	30.00	1	30.00
452	Clothing	500.00	3	1500.00
453	Clothing	500.00	2	1000.00
454	Beauty	25.00	1	25.00
455	Electronics	25.00	4	100.00
456	Electronics	30.00	2	60.00
457	Beauty	300.00	3	900.00
458	Electronics	25.00	4	100.00
459	Clothing	300.00	4	1200.00
460	Beauty	50.00	1	50.00
461	Beauty	500.00	2	1000.00
462	Electronics	300.00	4	1200.00
463	Beauty	500.00	3	1500.00
464	Electronics	300.00	2	600.00
465	Electronics	50.00	3	150.00
466	Electronics	25.00	4	100.00
467	Electronics	50.00	3	150.00
468	Electronics	25.00	1	25.00
469	Beauty	25.00	3	75.00
470	Clothing	500.00	2	1000.00
471	Clothing	50.00	3	150.00
472	Beauty	300.00	3	900.00
473	Beauty	50.00	1	50.00
474	Clothing	500.00	3	1500.00
475	Clothing	25.00	3	75.00
476	Clothing	500.00	4	2000.00
477	Clothing	30.00	4	120.00
478	Clothing	30.00	2	60.00
479	Electronics	300.00	4	1200.00
480	Beauty	500.00	4	2000.00
481	Electronics	300.00	4	1200.00
482	Clothing	300.00	4	1200.00
483	Clothing	30.00	1	30.00
484	Clothing	300.00	4	1200.00
485	Electronics	30.00	1	30.00
486	Electronics	25.00	1	25.00
487	Clothing	500.00	4	2000.00
488	Electronics	300.00	3	900.00
489	Electronics	30.00	1	30.00
490	Clothing	50.00	3	150.00
491	Electronics	300.00	3	900.00
492	Beauty	25.00	4	100.00
493	Beauty	25.00	2	50.00
494	Beauty	50.00	4	200.00
495	Beauty	30.00	2	60.00
496	Clothing	300.00	2	600.00
497	Clothing	30.00	4	120.00
498	Clothing	25.00	4	100.00
499	Beauty	30.00	2	60.00
500	Beauty	25.00	4	100.00
501	Electronics	30.00	2	60.00
502	Electronics	50.00	3	150.00
503	Beauty	500.00	4	2000.00
504	Beauty	50.00	3	150.00
505	Beauty	50.00	1	50.00
506	Beauty	500.00	3	1500.00
507	Electronics	500.00	3	1500.00
508	Beauty	300.00	2	600.00
509	Electronics	300.00	3	900.00
510	Beauty	50.00	4	200.00
511	Beauty	50.00	2	100.00
512	Beauty	25.00	1	25.00
513	Electronics	25.00	4	100.00
514	Electronics	300.00	1	300.00
515	Clothing	300.00	3	900.00
516	Beauty	25.00	4	100.00
517	Clothing	25.00	4	100.00
518	Clothing	30.00	1	30.00
519	Electronics	30.00	4	120.00
520	Electronics	25.00	4	100.00
521	Clothing	30.00	4	120.00
522	Beauty	500.00	3	1500.00
523	Electronics	300.00	1	300.00
524	Beauty	300.00	4	1200.00
525	Beauty	25.00	2	50.00
526	Clothing	50.00	2	100.00
527	Clothing	25.00	2	50.00
528	Clothing	30.00	2	60.00
529	Clothing	50.00	3	150.00
530	Electronics	30.00	4	120.00
531	Electronics	500.00	1	500.00
532	Clothing	30.00	4	120.00
533	Electronics	500.00	3	1500.00
534	Clothing	500.00	2	1000.00
535	Beauty	30.00	3	90.00
536	Beauty	30.00	4	120.00
537	Beauty	500.00	1	500.00
538	Clothing	50.00	3	150.00
539	Beauty	500.00	1	500.00
540	Electronics	300.00	3	900.00
541	Beauty	500.00	1	500.00
542	Beauty	50.00	1	50.00
543	Beauty	300.00	2	600.00
544	Electronics	25.00	1	25.00
545	Clothing	25.00	2	50.00
546	Electronics	50.00	4	200.00
547	Clothing	500.00	4	2000.00
548	Clothing	30.00	2	60.00
549	Beauty	50.00	2	100.00
550	Clothing	300.00	3	900.00
551	Electronics	300.00	3	900.00
552	Electronics	25.00	3	75.00
553	Clothing	300.00	4	1200.00
554	Beauty	50.00	3	150.00
555	Beauty	300.00	1	300.00
556	Electronics	50.00	1	50.00
557	Beauty	30.00	3	90.00
558	Clothing	25.00	1	25.00
559	Clothing	300.00	4	1200.00
560	Electronics	50.00	1	50.00
561	Clothing	500.00	4	2000.00
562	Electronics	25.00	2	50.00
563	Clothing	30.00	2	60.00
564	Electronics	50.00	2	100.00
565	Beauty	30.00	2	60.00
566	Clothing	30.00	1	30.00
567	Clothing	300.00	3	900.00
568	Electronics	300.00	1	300.00
569	Electronics	50.00	4	200.00
570	Clothing	500.00	1	500.00
571	Electronics	50.00	1	50.00
572	Clothing	500.00	4	2000.00
573	Beauty	30.00	2	60.00
574	Electronics	25.00	2	50.00
575	Clothing	50.00	2	100.00
576	Beauty	50.00	3	150.00
577	Beauty	500.00	4	2000.00
578	Clothing	30.00	4	120.00
579	Electronics	30.00	1	30.00
580	Clothing	500.00	3	1500.00
581	Beauty	30.00	2	60.00
582	Clothing	300.00	3	900.00
583	Electronics	25.00	4	100.00
584	Beauty	50.00	4	200.00
585	Clothing	25.00	1	25.00
586	Electronics	50.00	1	50.00
587	Beauty	300.00	4	1200.00
588	Electronics	30.00	2	60.00
589	Beauty	500.00	2	1000.00
590	Clothing	300.00	3	900.00
591	Electronics	25.00	4	100.00
592	Beauty	500.00	4	2000.00
593	Electronics	30.00	2	60.00
594	Electronics	300.00	2	600.00
595	Clothing	500.00	4	2000.00
596	Electronics	300.00	1	300.00
597	Beauty	300.00	4	1200.00
598	Beauty	30.00	4	120.00
599	Beauty	50.00	2	100.00
600	Beauty	500.00	2	1000.00
601	Clothing	30.00	1	30.00
602	Electronics	300.00	1	300.00
603	Clothing	30.00	3	90.00
604	Electronics	50.00	4	200.00
605	Electronics	500.00	2	1000.00
606	Electronics	50.00	1	50.00
607	Clothing	25.00	3	75.00
608	Electronics	500.00	3	1500.00
609	Clothing	50.00	2	100.00
610	Beauty	300.00	2	600.00
611	Beauty	500.00	3	1500.00
612	Electronics	500.00	1	500.00
613	Clothing	30.00	3	90.00
614	Beauty	300.00	4	1200.00
615	Clothing	25.00	4	100.00
616	Clothing	50.00	2	100.00
617	Electronics	30.00	1	30.00
618	Beauty	50.00	1	50.00
619	Electronics	25.00	4	100.00
620	Electronics	25.00	3	75.00
621	Beauty	500.00	2	1000.00
622	Beauty	25.00	3	75.00
623	Clothing	50.00	3	150.00
624	Beauty	300.00	3	900.00
625	Clothing	300.00	1	300.00
626	Clothing	500.00	4	2000.00
627	Clothing	50.00	1	50.00
628	Beauty	50.00	4	200.00
629	Electronics	25.00	2	50.00
630	Clothing	50.00	2	100.00
631	Electronics	30.00	3	90.00
632	Electronics	25.00	4	100.00
633	Beauty	30.00	4	120.00
634	Electronics	500.00	4	2000.00
635	Electronics	300.00	3	900.00
636	Beauty	500.00	3	1500.00
637	Clothing	300.00	2	600.00
638	Electronics	500.00	1	500.00
639	Beauty	50.00	4	200.00
640	Electronics	30.00	4	120.00
641	Electronics	300.00	1	300.00
642	Clothing	25.00	4	100.00
643	Electronics	30.00	3	90.00
644	Beauty	25.00	3	75.00
645	Electronics	30.00	4	120.00
646	Clothing	30.00	3	90.00
647	Clothing	500.00	3	1500.00
648	Beauty	300.00	4	1200.00
649	Clothing	300.00	2	600.00
650	Electronics	30.00	1	30.00
651	Clothing	50.00	3	150.00
652	Beauty	50.00	2	100.00
653	Clothing	25.00	3	75.00
654	Clothing	25.00	3	75.00
655	Clothing	500.00	1	500.00
656	Beauty	30.00	3	90.00
657	Clothing	25.00	1	25.00
658	Clothing	25.00	1	25.00
659	Electronics	30.00	1	30.00
660	Beauty	500.00	2	1000.00
661	Clothing	25.00	4	100.00
662	Beauty	500.00	2	1000.00
663	Clothing	300.00	4	1200.00
664	Clothing	500.00	4	2000.00
665	Clothing	50.00	1	50.00
666	Electronics	50.00	3	150.00
667	Electronics	500.00	1	500.00
668	Electronics	50.00	3	150.00
669	Beauty	300.00	4	1200.00
670	Beauty	30.00	1	30.00
671	Electronics	50.00	3	150.00
672	Beauty	50.00	2	100.00
673	Clothing	500.00	3	1500.00
674	Clothing	300.00	1	300.00
675	Clothing	30.00	2	60.00
676	Electronics	500.00	3	1500.00
677	Beauty	500.00	3	1500.00
678	Electronics	300.00	3	900.00
679	Beauty	30.00	3	90.00
680	Clothing	300.00	3	900.00
681	Electronics	30.00	2	60.00
682	Beauty	300.00	4	1200.00
683	Beauty	500.00	2	1000.00
684	Clothing	500.00	2	1000.00
685	Electronics	25.00	2	50.00
686	Electronics	50.00	4	200.00
687	Electronics	300.00	1	300.00
688	Clothing	25.00	4	100.00
689	Electronics	50.00	2	100.00
690	Clothing	300.00	3	900.00
691	Clothing	30.00	3	90.00
692	Clothing	50.00	2	100.00
693	Beauty	500.00	3	1500.00
694	Electronics	25.00	2	50.00
695	Electronics	50.00	3	150.00
696	Clothing	50.00	4	200.00
697	Clothing	500.00	1	500.00
698	Electronics	300.00	1	300.00
699	Clothing	30.00	4	120.00
700	Electronics	500.00	4	2000.00
701	Beauty	30.00	2	60.00
702	Clothing	300.00	2	600.00
703	Electronics	50.00	2	100.00
704	Clothing	30.00	3	90.00
705	Electronics	25.00	2	50.00
706	Electronics	25.00	4	100.00
707	Clothing	500.00	1	500.00
708	Beauty	300.00	3	900.00
709	Electronics	500.00	2	1000.00
710	Electronics	500.00	3	1500.00
711	Electronics	500.00	3	1500.00
712	Beauty	25.00	2	50.00
713	Beauty	25.00	3	75.00
714	Clothing	500.00	1	500.00
715	Beauty	25.00	4	100.00
716	Clothing	300.00	4	1200.00
717	Clothing	500.00	1	500.00
718	Beauty	25.00	3	75.00
719	Clothing	30.00	2	60.00
720	Beauty	500.00	3	1500.00
721	Clothing	500.00	1	500.00
722	Beauty	300.00	3	900.00
723	Beauty	50.00	4	200.00
724	Clothing	50.00	3	150.00
725	Electronics	300.00	1	300.00
726	Clothing	300.00	4	1200.00
727	Beauty	300.00	3	900.00
728	Electronics	50.00	3	150.00
729	Clothing	300.00	4	1200.00
730	Clothing	25.00	2	50.00
731	Clothing	500.00	4	2000.00
732	Electronics	500.00	2	1000.00
733	Beauty	30.00	1	30.00
734	Clothing	30.00	1	30.00
735	Clothing	500.00	4	2000.00
736	Clothing	25.00	4	100.00
737	Clothing	50.00	1	50.00
738	Clothing	50.00	2	100.00
739	Beauty	25.00	1	25.00
740	Beauty	50.00	4	200.00
741	Clothing	300.00	1	300.00
742	Electronics	500.00	4	2000.00
743	Beauty	500.00	4	2000.00
744	Electronics	25.00	1	25.00
745	Beauty	50.00	2	100.00
746	Clothing	30.00	3	90.00
747	Beauty	30.00	1	30.00
748	Clothing	50.00	3	150.00
749	Beauty	30.00	1	30.00
750	Clothing	25.00	3	75.00
751	Clothing	25.00	2	50.00
752	Clothing	50.00	2	100.00
753	Clothing	30.00	1	30.00
754	Electronics	25.00	4	100.00
755	Clothing	25.00	3	75.00
756	Electronics	300.00	4	1200.00
757	Electronics	300.00	4	1200.00
758	Clothing	25.00	4	100.00
759	Electronics	50.00	2	100.00
760	Beauty	500.00	1	500.00
761	Clothing	500.00	1	500.00
762	Electronics	25.00	2	50.00
763	Clothing	25.00	2	50.00
764	Clothing	25.00	1	25.00
765	Clothing	50.00	4	200.00
766	Electronics	300.00	3	900.00
767	Beauty	25.00	3	75.00
768	Beauty	25.00	3	75.00
769	Electronics	30.00	4	120.00
770	Clothing	50.00	1	50.00
771	Electronics	25.00	2	50.00
772	Electronics	30.00	1	30.00
773	Electronics	500.00	4	2000.00
774	Clothing	25.00	2	50.00
775	Electronics	25.00	4	100.00
776	Clothing	30.00	3	90.00
777	Electronics	50.00	3	150.00
778	Beauty	25.00	4	100.00
779	Electronics	500.00	2	1000.00
780	Electronics	25.00	2	50.00
781	Beauty	500.00	1	500.00
782	Clothing	300.00	3	900.00
783	Clothing	300.00	1	300.00
784	Electronics	500.00	1	500.00
785	Beauty	50.00	4	200.00
786	Clothing	25.00	4	100.00
787	Electronics	25.00	1	25.00
788	Beauty	300.00	3	900.00
789	Clothing	500.00	4	2000.00
790	Clothing	25.00	1	25.00
791	Beauty	25.00	1	25.00
792	Beauty	50.00	1	50.00
793	Beauty	30.00	1	30.00
794	Beauty	300.00	1	300.00
795	Electronics	300.00	1	300.00
796	Beauty	30.00	4	120.00
797	Clothing	25.00	3	75.00
798	Clothing	50.00	1	50.00
799	Electronics	50.00	2	100.00
800	Clothing	300.00	4	1200.00
801	Clothing	50.00	4	200.00
802	Beauty	30.00	1	30.00
803	Clothing	25.00	4	100.00
804	Electronics	30.00	1	30.00
805	Beauty	500.00	3	1500.00
806	Beauty	300.00	3	900.00
807	Electronics	50.00	4	200.00
808	Beauty	500.00	4	2000.00
809	Beauty	50.00	2	100.00
810	Electronics	25.00	4	100.00
811	Beauty	25.00	2	50.00
812	Electronics	25.00	3	75.00
813	Electronics	50.00	3	150.00
814	Clothing	500.00	1	500.00
815	Clothing	25.00	3	75.00
816	Beauty	500.00	2	1000.00
817	Beauty	50.00	4	200.00
818	Electronics	500.00	1	500.00
819	Beauty	50.00	2	100.00
820	Electronics	50.00	4	200.00
821	Electronics	300.00	1	300.00
822	Beauty	50.00	3	150.00
823	Electronics	50.00	2	100.00
824	Clothing	30.00	4	120.00
825	Beauty	25.00	1	25.00
826	Clothing	300.00	1	300.00
827	Beauty	300.00	3	900.00
828	Electronics	300.00	4	1200.00
829	Beauty	30.00	3	90.00
830	Clothing	50.00	3	150.00
831	Electronics	25.00	4	100.00
832	Beauty	500.00	4	2000.00
833	Beauty	50.00	4	200.00
834	Beauty	30.00	2	60.00
835	Clothing	50.00	4	200.00
836	Clothing	50.00	1	50.00
837	Beauty	30.00	3	90.00
838	Electronics	300.00	2	600.00
839	Electronics	300.00	4	1200.00
840	Clothing	25.00	2	50.00
841	Electronics	25.00	4	100.00
842	Clothing	300.00	2	600.00
843	Beauty	500.00	3	1500.00
844	Clothing	50.00	3	150.00
845	Clothing	500.00	1	500.00
846	Beauty	50.00	1	50.00
847	Electronics	300.00	4	1200.00
848	Clothing	25.00	3	75.00
849	Clothing	25.00	2	50.00
850	Beauty	500.00	2	1000.00
851	Electronics	25.00	2	50.00
852	Clothing	300.00	1	300.00
853	Beauty	500.00	2	1000.00
854	Clothing	50.00	1	50.00
855	Beauty	25.00	1	25.00
856	Electronics	30.00	4	120.00
857	Electronics	25.00	2	50.00
858	Electronics	50.00	2	100.00
859	Electronics	500.00	3	1500.00
860	Clothing	50.00	4	200.00
861	Clothing	30.00	3	90.00
862	Electronics	300.00	4	1200.00
863	Electronics	25.00	2	50.00
864	Electronics	500.00	1	500.00
865	Clothing	300.00	1	300.00
866	Electronics	50.00	1	50.00
867	Electronics	500.00	1	500.00
868	Electronics	300.00	1	300.00
869	Beauty	500.00	3	1500.00
870	Electronics	30.00	4	120.00
871	Beauty	30.00	2	60.00
872	Beauty	25.00	3	75.00
873	Electronics	25.00	4	100.00
874	Beauty	30.00	1	30.00
875	Electronics	500.00	4	2000.00
876	Clothing	30.00	4	120.00
877	Clothing	25.00	1	25.00
878	Clothing	30.00	1	30.00
879	Clothing	30.00	1	30.00
880	Beauty	500.00	2	1000.00
881	Electronics	300.00	1	300.00
882	Electronics	25.00	2	50.00
883	Electronics	500.00	1	500.00
884	Clothing	30.00	2	60.00
885	Clothing	30.00	4	120.00
886	Electronics	300.00	3	900.00
887	Clothing	25.00	4	100.00
888	Electronics	25.00	4	100.00
889	Electronics	50.00	1	50.00
890	Electronics	25.00	2	50.00
891	Electronics	300.00	3	900.00
892	Electronics	50.00	1	50.00
893	Electronics	50.00	1	50.00
894	Electronics	30.00	1	30.00
895	Clothing	30.00	4	120.00
896	Electronics	25.00	2	50.00
897	Electronics	50.00	2	100.00
898	Clothing	30.00	3	90.00
899	Clothing	300.00	2	600.00
900	Clothing	30.00	2	60.00
901	Electronics	30.00	1	30.00
902	Beauty	50.00	1	50.00
903	Beauty	50.00	4	200.00
904	Clothing	500.00	1	500.00
905	Beauty	300.00	1	300.00
906	Clothing	50.00	1	50.00
907	Electronics	25.00	1	25.00
908	Beauty	300.00	4	1200.00
909	Electronics	300.00	1	300.00
910	Beauty	50.00	3	150.00
911	Electronics	300.00	3	900.00
912	Beauty	50.00	3	150.00
913	Electronics	30.00	3	90.00
914	Electronics	500.00	1	500.00
915	Beauty	30.00	3	90.00
916	Electronics	50.00	1	50.00
917	Electronics	50.00	4	200.00
918	Electronics	30.00	3	90.00
919	Beauty	25.00	2	50.00
920	Beauty	25.00	3	75.00
921	Electronics	25.00	3	75.00
922	Electronics	50.00	1	50.00
923	Beauty	300.00	3	900.00
924	Beauty	50.00	2	100.00
925	Electronics	300.00	1	300.00
926	Electronics	30.00	1	30.00
927	Electronics	500.00	4	2000.00
928	Clothing	300.00	4	1200.00
929	Beauty	25.00	3	75.00
930	Clothing	50.00	4	200.00
931	Beauty	30.00	4	120.00
932	Beauty	25.00	4	100.00
933	Beauty	30.00	1	30.00
934	Beauty	500.00	1	500.00
935	Beauty	50.00	1	50.00
936	Beauty	50.00	4	200.00
937	Beauty	500.00	1	500.00
938	Clothing	50.00	4	200.00
939	Electronics	300.00	1	300.00
940	Electronics	30.00	1	30.00
941	Clothing	25.00	2	50.00
942	Clothing	500.00	3	1500.00
943	Clothing	300.00	4	1200.00
944	Clothing	25.00	2	50.00
945	Beauty	25.00	1	25.00
946	Electronics	500.00	4	2000.00
947	Beauty	300.00	1	300.00
948	Electronics	25.00	3	75.00
949	Electronics	25.00	2	50.00
950	Clothing	300.00	3	900.00
951	Beauty	50.00	2	100.00
952	Clothing	25.00	1	25.00
953	Beauty	30.00	3	90.00
954	Electronics	300.00	3	900.00
955	Clothing	25.00	1	25.00
956	Clothing	500.00	3	1500.00
957	Electronics	30.00	4	120.00
958	Electronics	25.00	2	50.00
959	Electronics	30.00	2	60.00
960	Clothing	30.00	2	60.00
961	Beauty	50.00	4	200.00
962	Clothing	30.00	2	60.00
963	Beauty	50.00	1	50.00
964	Clothing	300.00	3	900.00
965	Clothing	50.00	4	200.00
966	Electronics	500.00	2	1000.00
967	Beauty	25.00	1	25.00
968	Clothing	300.00	3	900.00
969	Clothing	300.00	3	900.00
970	Electronics	500.00	4	2000.00
971	Electronics	50.00	4	200.00
972	Beauty	25.00	4	100.00
973	Clothing	50.00	1	50.00
974	Beauty	30.00	1	30.00
975	Clothing	50.00	4	200.00
976	Beauty	300.00	2	600.00
977	Electronics	25.00	3	75.00
978	Clothing	50.00	3	150.00
979	Beauty	25.00	1	25.00
980	Electronics	25.00	3	75.00
981	Electronics	30.00	2	60.00
982	Beauty	30.00	3	90.00
983	Clothing	300.00	1	300.00
984	Clothing	500.00	1	500.00
985	Electronics	25.00	2	50.00
986	Clothing	500.00	2	1000.00
987	Clothing	300.00	3	900.00
988	Clothing	25.00	3	75.00
989	Electronics	25.00	1	25.00
990	Beauty	500.00	2	1000.00
991	Clothing	50.00	2	100.00
992	Electronics	30.00	2	60.00
993	Electronics	50.00	3	150.00
994	Beauty	500.00	2	1000.00
995	Clothing	30.00	1	30.00
996	Clothing	50.00	1	50.00
997	Beauty	30.00	3	90.00
998	Beauty	25.00	4	100.00
999	Electronics	50.00	3	150.00
1000	Electronics	30.00	4	120.00
\.


--
-- Name: customer customer_pkey; Type: CONSTRAINT; Schema: public; Owner: postgres
--

ALTER TABLE ONLY public.customer
    ADD CONSTRAINT customer_pkey PRIMARY KEY (customerid);


--
-- Name: product product_pkey; Type: CONSTRAINT; Schema: public; Owner: postgres
--

ALTER TABLE ONLY public.product
    ADD CONSTRAINT product_pkey PRIMARY KEY (category, priceperunit);


--
-- Name: transaction transaction_pkey; Type: CONSTRAINT; Schema: public; Owner: postgres
--

ALTER TABLE ONLY public.transaction
    ADD CONSTRAINT transaction_pkey PRIMARY KEY (transactionid);


--
-- Name: transactiondetails transactiondetails_pkey; Type: CONSTRAINT; Schema: public; Owner: postgres
--

ALTER TABLE ONLY public.transactiondetails
    ADD CONSTRAINT transactiondetails_pkey PRIMARY KEY (transactionid);


--
-- Name: idx_tdetails_category; Type: INDEX; Schema: public; Owner: postgres
--

CREATE INDEX idx_tdetails_category ON public.transactiondetails USING btree (category);


--
-- Name: idx_tdetails_transaction; Type: INDEX; Schema: public; Owner: postgres
--

CREATE INDEX idx_tdetails_transaction ON public.transactiondetails USING btree (transactionid);


--
-- Name: idx_trans_customer; Type: INDEX; Schema: public; Owner: postgres
--

CREATE INDEX idx_trans_customer ON public.transaction USING btree (customerid);


--
-- Name: idx_trans_date; Type: INDEX; Schema: public; Owner: postgres
--

CREATE INDEX idx_trans_date ON public.transaction USING btree (transdate);


--
-- Name: transaction transaction_customerid_fkey; Type: FK CONSTRAINT; Schema: public; Owner: postgres
--

ALTER TABLE ONLY public.transaction
    ADD CONSTRAINT transaction_customerid_fkey FOREIGN KEY (customerid) REFERENCES public.customer(customerid) ON DELETE CASCADE;


--
-- Name: transactiondetails transactiondetails_category_priceperunit_fkey; Type: FK CONSTRAINT; Schema: public; Owner: postgres
--

ALTER TABLE ONLY public.transactiondetails
    ADD CONSTRAINT transactiondetails_category_priceperunit_fkey FOREIGN KEY (category, priceperunit) REFERENCES public.product(category, priceperunit);


--
-- Name: transactiondetails transactiondetails_transactionid_fkey; Type: FK CONSTRAINT; Schema: public; Owner: postgres
--

ALTER TABLE ONLY public.transactiondetails
    ADD CONSTRAINT transactiondetails_transactionid_fkey FOREIGN KEY (transactionid) REFERENCES public.transaction(transactionid) ON DELETE CASCADE;


--
-- PostgreSQL database dump complete
--

\unrestrict bbmUiZFTtwpofakaesUJhVqqB9WAMkydvcPqJFiiYCumyi6mDTbZrRqkSbi47gJ

